week,store_id,product_id,qty_sold,revenue,n_transactions,promotion_id,discount,has_promo,has_promo_next_week,lag_1w,lag_2w,lag_4w,lag_8w,rolling_mean_4w,rolling_std_4w,rolling_mean_8w,rolling_std_8w,store_taxonomies,store_type_enc,product_taxonomies,price,product_cat_enc,price_vs_category,week_of_year,month,quarter,is_month_end
2024-08-26,ST001,PRD003,3,522.0600000000001,1,,0.0,0,0,5.0,13.0,6.0,3.0,6.5,4.654746681256314,6.125,3.3990544903798514,minimart,0,personal_care,174.02,2,1.444002778326526,35,8,3,1
2024-09-02,ST001,PRD003,7,1218.14,1,,0.0,0,0,3.0,5.0,2.0,8.0,5.75,4.9916597106239795,6.125,3.3990544903798514,minimart,0,personal_care,174.02,2,1.444002778326526,36,9,3,0
2024-10-21,ST001,PRD003,4,696.08,1,,0.0,0,0,7.0,3.0,13.0,7.0,7.0,4.320493798938574,6.0,3.3380918415851215,minimart,0,personal_care,174.02,2,1.444002778326526,43,10,4,0
2024-11-11,ST001,PRD003,4,696.08,1,,0.0,0,0,4.0,7.0,5.0,5.0,4.75,1.7078251276599345,5.625,3.3779748793788107,minimart,0,personal_care,174.02,2,1.444002778326526,46,11,4,0
2024-11-11,ST001,PRD004,2,449.32,1,,0.0,0,0,7.0,3.0,11.0,4.0,6.0,3.829708431025352,4.75,2.9154759474226517,minimart,0,dairy,224.66,3,1.7940188723609085,46,11,4,0
2024-11-25,ST001,PRD004,6,1347.96,1,,0.0,0,0,2.0,7.0,3.0,4.0,3.75,2.2173557826083443,4.5,3.0705978943149557,minimart,0,dairy,224.66,3,1.7940188723609085,48,11,4,1
2024-06-10,ST001,PRD006,7,799.0500000000001,1,,0.0,0,0,8.0,6.0,6.0,7.0,7.0,1.1547005383792504,6.5,1.9272482233188628,minimart,0,personal_care,114.15,2,0.9472067414433567,24,6,2,0
2024-07-22,ST001,PRD006,3,342.45000000000005,1,,0.0,0,0,7.0,8.0,8.0,3.0,7.25,0.9574271077563365,6.5,1.9272482233188628,minimart,0,personal_care,114.15,2,0.9472067414433567,30,7,3,0
2024-07-29,ST001,PRD006,9,1027.3500000000001,1,,0.0,0,0,3.0,7.0,6.0,9.0,6.0,2.160246899469286,6.5,1.9272482233188628,minimart,0,personal_care,114.15,2,0.9472067414433567,31,7,3,1
2024-08-05,ST001,PRD006,5,570.75,1,,0.0,0,0,9.0,3.0,8.0,5.0,6.75,2.629955639676583,6.5,1.9272482233188628,minimart,0,personal_care,114.15,2,0.9472067414433567,32,8,3,0
2024-08-19,ST001,PRD006,1,114.15,1,,0.0,0,0,5.0,9.0,7.0,6.0,6.0,2.5819888974716108,6.5,1.9272482233188628,minimart,0,personal_care,114.15,2,0.9472067414433567,34,8,3,0
2024-09-02,ST001,PRD006,5,570.75,1,,0.0,0,0,1.0,5.0,3.0,8.0,4.5,3.415650255319866,5.875,2.7483761439387133,minimart,0,personal_care,114.15,2,0.9472067414433567,36,9,3,0
2024-11-18,ST001,PRD007,9,198.0,1,,0.0,0,0,5.0,6.0,5.0,2.0,4.5,1.732050807568876,4.625,2.774243783705495,minimart,0,dairy,22.0,3,0.17568065161550783,47,11,4,0
2024-12-02,ST001,PRD007,7,154.0,1,,0.0,0,0,9.0,5.0,2.0,1.0,5.5,2.886751345948128,5.5,2.9277002188456005,minimart,0,dairy,22.0,3,0.17568065161550783,49,12,4,0
2024-12-09,ST001,PRD007,11,242.0,1,,0.0,0,0,7.0,9.0,6.0,7.0,6.75,1.7078251276599319,6.25,2.314550249431379,minimart,0,dairy,22.0,3,0.17568065161550783,50,12,4,0
2024-12-16,ST001,PRD007,9,198.0,1,,0.0,0,0,11.0,7.0,5.0,9.0,8.0,2.5819888974716103,6.75,2.8660575211055543,minimart,0,dairy,22.0,3,0.17568065161550783,51,12,4,0
2024-12-09,ST001,PRD008,4,265.52,1,,0.0,0,0,4.0,2.0,6.0,2.0,4.5,1.9148542155126733,5.375,2.924648941081892,minimart,0,personal_care,66.38,2,0.5508154489444591,50,12,4,0
2024-09-23,ST001,PRD010,3,63.72,1,,0.0,0,0,8.0,7.0,6.0,3.0,6.25,1.7078251276599323,5.375,2.1339098923270927,minimart,0,cleaning,21.24,4,0.16238591729310156,39,9,3,0
2024-10-28,ST001,PRD010,13,276.12,2,,0.0,0,0,3.0,8.0,4.0,2.0,5.5,2.3804761428476158,5.375,2.1339098923270927,minimart,0,cleaning,21.24,4,0.16238591729310156,44,10,4,1
2024-11-11,ST001,PRD010,16,339.84,2,,0.0,0,0,13.0,3.0,7.0,7.0,7.75,4.112987559751022,6.75,3.011881234615431,minimart,0,cleaning,21.24,4,0.16238591729310156,46,11,4,0
2024-10-21,ST001,PRD012,5,838.6,1,,0.0,0,0,1.0,1.0,5.0,2.0,2.75,2.06155281280883,3.125,2.474873734152916,minimart,0,beverage,167.72,1,0.9912254942700688,43,10,4,0
2024-12-23,ST001,PRD012,7,1174.04,1,,0.0,0,0,5.0,1.0,4.0,3.0,2.75,2.06155281280883,3.5,2.5071326821120343,minimart,0,beverage,167.72,1,0.9912254942700688,52,12,4,0
2024-09-02,ST001,PRD014,6,400.79999999999995,1,,0.0,0,0,14.0,8.0,6.0,2.0,8.0,4.320493798938574,5.75,3.882193783343198,minimart,0,snack,66.8,5,0.8352695278668196,36,9,3,0
2024-09-30,ST001,PRD014,10,668.0,2,,0.0,0,0,6.0,14.0,4.0,5.0,8.0,4.320493798938574,6.25,3.575711717366808,minimart,0,snack,66.8,5,0.8352695278668196,40,9,3,1
2024-10-07,ST001,PRD014,8,534.4,1,,0.0,0,0,10.0,6.0,8.0,2.0,9.5,3.415650255319866,6.875,3.758324094593227,minimart,0,snack,66.8,5,0.8352695278668196,41,10,4,0
2024-10-28,ST001,PRD014,2,133.6,1,,0.0,0,0,8.0,10.0,14.0,5.0,9.5,3.415650255319866,7.625,3.204349722308279,minimart,0,snack,66.8,5,0.8352695278668196,44,10,4,1
2024-11-25,ST001,PRD014,2,133.6,1,,0.0,0,0,2.0,8.0,6.0,6.0,6.5,3.415650255319866,7.25,3.6936238496708276,minimart,0,snack,66.8,5,0.8352695278668196,48,11,4,1
2024-12-02,ST001,PRD014,3,200.39999999999998,1,,0.0,0,0,2.0,2.0,10.0,4.0,5.5,4.123105625617661,6.75,4.131758532565592,minimart,0,snack,66.8,5,0.8352695278668196,49,12,4,0
2024-11-25,ST001,PRD015,1,153.48,1,,0.0,0,0,1.0,1.0,6.0,1.0,2.25,2.5,2.125,2.1001700611413097,minimart,0,dairy,153.48,3,1.2256121095430972,48,11,4,1
2024-09-16,ST001,PRD016,2,410.44,1,,0.0,0,0,6.0,3.0,8.0,1.0,5.75,2.0615528128088307,5.5,3.3380918415851224,minimart,0,beverage,205.22,1,1.2128505600650101,38,9,3,0
2024-11-11,ST001,PRD016,11,2257.42,2,,0.0,0,0,2.0,6.0,6.0,2.0,4.25,2.0615528128088307,5.625,3.1594529363709265,minimart,0,beverage,205.22,1,1.2128505600650101,46,11,4,0
2024-08-26,ST001,PRD017,4,66.12,1,,0.0,0,0,8.0,2.0,7.0,3.0,5.25,2.7537852736430515,5.875,2.5319388392523026,minimart,0,snack,16.53,5,0.20669169604249296,35,8,3,1
2024-09-23,ST001,PRD017,4,66.12,1,,0.0,0,0,4.0,8.0,4.0,7.0,4.5,2.5166114784235836,6.0,2.39045721866879,minimart,0,snack,16.53,5,0.20669169604249296,39,9,3,0
2024-12-16,ST001,PRD017,19,314.07000000000005,3,,0.0,0,0,4.0,4.0,2.0,9.0,4.5,2.5166114784235836,5.625,2.4458419526091353,minimart,0,snack,16.53,5,0.20669169604249296,51,12,4,0
2024-10-14,ST001,PRD018,3,613.11,1,,0.0,0,0,8.0,3.0,2.0,8.0,5.0,2.943920288775949,5.375,2.7222627143085028,minimart,0,beverage,204.37,1,1.2078270585736581,42,10,4,0
2024-12-02,ST001,PRD018,3,613.11,1,,0.0,0,0,3.0,8.0,7.0,5.0,5.25,2.6299556396765835,4.75,2.604940361258641,minimart,0,beverage,204.37,1,1.2078270585736581,49,12,4,0
2024-12-09,ST001,PRD019,15,2685.9,2,,0.0,0,0,5.0,1.0,1.0,6.0,2.0,2.0,2.875,2.642374473299132,minimart,0,frozen,179.06,0,1.773409946635914,50,12,4,0
2024-12-16,ST001,PRD019,7,1253.42,1,,0.0,0,0,15.0,5.0,1.0,7.0,5.5,6.60807586719967,4.0,5.01426536422407,minimart,0,frozen,179.06,0,1.773409946635914,51,12,4,0
2024-12-16,ST001,PRD021,4,206.16,1,,0.0,0,0,4.0,1.0,7.0,8.0,5.25,3.4999999999999996,4.75,2.915475947422652,minimart,0,frozen,51.54,0,0.5104520755591142,51,12,4,0
2024-10-07,ST001,PRD022,20,4799.0,3,,0.0,0,0,8.0,3.0,5.0,8.0,6.75,3.499999999999999,6.875,2.474873734152919,minimart,0,cleaning,239.95,4,1.8344868575555424,41,10,4,0
2024-11-25,ST001,PRD022,3,683.8499999999999,1,PROMO005,0.05,1,0,20.0,8.0,11.0,5.0,10.5,7.14142842854285,8.375,5.2898150116183515,minimart,0,cleaning,239.95,4,1.8344868575555424,48,11,4,1
2024-12-09,ST001,PRD022,8,1919.6,1,,0.0,0,0,3.0,20.0,3.0,8.0,8.5,8.020806277010642,8.125,5.514591035218686,minimart,0,cleaning,239.95,4,1.8344868575555424,50,12,4,0
2024-12-23,ST001,PRD022,2,479.9,1,,0.0,0,0,8.0,3.0,8.0,7.0,9.75,7.22841614740048,8.125,5.514591035218686,minimart,0,cleaning,239.95,4,1.8344868575555424,52,12,4,0
2024-12-30,ST001,PRD022,8,1919.6,1,,0.0,0,0,2.0,8.0,20.0,5.0,8.25,8.261355820929152,7.5,5.928141120356123,minimart,0,cleaning,239.95,4,1.8344868575555424,1,12,4,1
2024-12-16,ST001,PRD023,9,846.9,2,,0.0,0,0,4.0,1.0,6.0,13.0,4.5,2.6457513110645916,5.5,3.5050983275386582,minimart,0,dairy,94.1,3,0.751434059864513,51,12,4,0
2024-07-29,ST001,PRD026,8,1713.28,1,,0.0,0,0,1.0,5.0,8.0,8.0,6.25,4.272001872658765,6.375,3.0207614933986457,minimart,0,dairy,214.16,3,1.7101712886353253,31,7,3,1
2024-09-09,ST001,PRD026,6,1284.96,1,,0.0,0,0,8.0,1.0,11.0,5.0,6.25,4.272001872658765,6.375,3.0207614933986457,minimart,0,dairy,214.16,3,1.7101712886353253,37,9,3,0
2024-12-09,ST001,PRD026,2,428.32,1,,0.0,0,0,6.0,8.0,5.0,8.0,5.0,2.943920288775949,6.5,2.9760952365713824,minimart,0,dairy,214.16,3,1.7101712886353253,50,12,4,0
2024-12-16,ST001,PRD027,6,941.28,1,,0.0,0,0,8.0,8.0,9.0,8.0,7.25,2.217355782608345,6.375,2.669269563007831,minimart,0,snack,156.88,5,1.9616329870021956,51,12,4,0
2024-12-23,ST001,PRD027,8,1255.04,1,,0.0,0,0,6.0,8.0,4.0,1.0,6.5,1.9148542155126764,6.125,2.587745847533832,minimart,0,snack,156.88,5,1.9616329870021956,52,12,4,0
2024-08-05,ST001,PRD028,2,409.36,1,,0.0,0,0,7.0,3.0,3.0,1.0,5.0,2.309401076758503,4.625,2.9246489410818977,minimart,0,cleaning,204.68,4,1.5648375495080993,32,8,3,0
2024-09-09,ST001,PRD028,7,1432.76,1,,0.0,0,0,2.0,7.0,7.0,8.0,4.75,2.6299556396765835,4.75,2.764571782909096,minimart,0,cleaning,204.68,4,1.5648375495080993,37,9,3,0
2024-11-04,ST001,PRD028,1,204.68,1,,0.0,0,0,7.0,2.0,3.0,7.0,4.75,2.6299556396765835,4.625,2.6152028055746936,minimart,0,cleaning,204.68,4,1.5648375495080993,45,11,4,0
2024-12-30,ST001,PRD028,4,818.72,1,,0.0,0,0,1.0,7.0,7.0,1.0,4.25,3.2015621187164243,3.875,2.6958963523950965,minimart,0,cleaning,204.68,4,1.5648375495080993,1,12,4,1
2024-12-02,ST001,PRD029,8,1491.92,1,,0.0,0,0,5.0,2.0,2.0,16.0,2.5,1.7320508075688776,5.875,5.540435774506244,minimart,0,dairy,186.49,3,1.4892129418080025,49,12,4,0
2024-12-16,ST001,PRD029,2,372.98,1,,0.0,0,0,8.0,5.0,1.0,10.0,4.0,3.1622776601683795,4.875,3.943801646707332,minimart,0,dairy,186.49,3,1.4892129418080025,51,12,4,0
2024-08-26,ST001,PRD030,9,1269.09,1,,0.0,0,0,3.0,5.0,6.0,7.0,4.0,1.825741858350554,5.375,2.5599944196367805,minimart,0,cleaning,141.01,4,1.078062062029202,35,8,3,1
2024-10-07,ST001,PRD030,11,1551.11,1,,0.0,0,0,9.0,3.0,2.0,3.0,4.75,3.095695936834452,5.625,2.8252686345094484,minimart,0,cleaning,141.01,4,1.078062062029202,41,10,4,0
2024-10-14,ST001,PRD030,4,564.04,1,,0.0,0,0,11.0,9.0,5.0,9.0,7.0,3.6514837167011076,6.625,3.159452936370927,minimart,0,cleaning,141.01,4,1.078062062029202,42,10,4,0
2024-11-18,ST001,PRD030,3,423.03,1,,0.0,0,0,4.0,11.0,3.0,8.0,6.75,3.8622100754188224,6.0,3.1167748898959218,minimart,0,cleaning,141.01,4,1.078062062029202,47,11,4,0
2024-07-29,ST002,PRD001,9,607.0500000000001,1,,0.0,0,1,1.0,2.0,7.0,1.0,5.0,4.242640687119285,3.75,3.327375628243468,convenience,1,frozen,67.45,0,0.668024689492865,31,7,3,1
2024-08-26,ST002,PRD001,7,472.15000000000003,1,,0.0,0,0,9.0,1.0,10.0,1.0,5.5,4.654746681256314,4.75,3.5757117173668123,convenience,1,frozen,67.45,0,0.668024689492865,35,8,3,1
2024-09-09,ST002,PRD001,8,539.6,1,,0.0,0,0,7.0,9.0,2.0,5.0,4.75,3.8622100754188224,5.5,3.295017884191659,convenience,1,frozen,67.45,0,0.668024689492865,37,9,3,0
2024-09-23,ST002,PRD001,8,539.6,1,,0.0,0,0,8.0,7.0,1.0,3.0,6.25,3.593976442141304,5.875,3.3990544903798536,convenience,1,frozen,67.45,0,0.668024689492865,39,9,3,0
2024-12-09,ST002,PRD001,1,67.45,1,,0.0,0,0,8.0,8.0,9.0,7.0,8.0,0.816496580927726,6.5,3.251373336211728,convenience,1,frozen,67.45,0,0.668024689492865,50,12,4,0
2024-12-23,ST002,PRD001,4,269.8,1,,0.0,0,0,1.0,8.0,7.0,10.0,6.0,3.366501646120693,5.75,3.7701837772561877,convenience,1,frozen,67.45,0,0.668024689492865,52,12,4,0
2024-10-14,ST002,PRD002,1,188.07,1,,0.0,0,0,9.0,6.0,2.0,7.0,4.75,3.4034296427770228,5.25,3.1052950170405986,convenience,1,beverage,188.07,1,1.1114940299747902,42,10,4,0
2024-11-18,ST002,PRD003,7,1218.14,1,,0.0,0,0,8.0,7.0,3.0,6.0,5.0,2.943920288775949,5.25,1.9820624179302369,convenience,1,personal_care,174.02,2,1.444002778326526,47,11,4,0
2024-11-18,ST002,PRD004,8,1797.28,1,,0.0,0,0,8.0,5.0,4.0,11.0,5.75,1.7078251276599326,5.875,2.948970764763292,convenience,1,dairy,224.66,3,1.7940188723609085,47,11,4,0
2024-12-02,ST002,PRD004,2,449.32,1,,0.0,0,0,8.0,8.0,6.0,5.0,6.75,1.4999999999999996,5.5,2.3299294900428755,convenience,1,dairy,224.66,3,1.7940188723609085,49,12,4,0
2024-12-23,ST002,PRD004,2,449.32,1,,0.0,0,0,2.0,8.0,5.0,1.0,5.75,2.872281323269014,5.125,2.6423744732991357,convenience,1,dairy,224.66,3,1.7940188723609085,52,12,4,0
2024-12-16,ST002,PRD006,11,1255.65,1,,0.0,0,0,15.0,2.0,3.0,1.0,6.0,6.0553007081949835,4.0,4.598136268408884,convenience,1,personal_care,114.15,2,0.9472067414433567,51,12,4,0
2024-08-26,ST002,PRD007,10,220.0,2,,0.0,0,0,7.0,2.0,8.0,8.0,5.5,2.6457513110645916,5.75,2.1213203435596486,convenience,1,dairy,22.0,3,0.17568065161550783,35,8,3,1
2024-09-09,ST002,PRD007,3,66.0,1,,0.0,0,0,10.0,7.0,5.0,7.0,6.0,3.3665016461206934,6.0,2.5071326821120397,convenience,1,dairy,22.0,3,0.17568065161550783,37,9,3,0
2024-10-07,ST002,PRD007,7,154.0,1,,0.0,0,0,3.0,10.0,2.0,4.0,5.5,3.696845502136473,5.5,2.6726124191242486,convenience,1,dairy,22.0,3,0.17568065161550783,41,10,4,0
2024-11-04,ST002,PRD007,5,110.0,1,,0.0,0,0,7.0,3.0,7.0,5.0,6.75,2.8722813232690148,5.875,2.642374473299135,convenience,1,dairy,22.0,3,0.17568065161550783,45,11,4,0
2024-12-02,ST002,PRD007,7,154.0,2,,0.0,0,0,5.0,7.0,10.0,8.0,6.25,2.98607881119482,5.875,2.642374473299135,convenience,1,dairy,22.0,3,0.17568065161550783,49,12,4,0
2024-12-16,ST002,PRD008,2,132.76,1,,0.0,0,0,7.0,5.0,4.0,6.0,4.75,1.7078251276599345,5.0,1.851640199545111,convenience,1,personal_care,66.38,2,0.5508154489444591,51,12,4,0
2024-11-04,ST002,PRD010,1,21.24,1,,0.0,0,0,5.0,9.0,5.0,12.0,6.75,2.061552812808831,6.25,3.1959796173138746,convenience,1,cleaning,21.24,4,0.16238591729310156,45,11,4,0
2024-11-25,ST002,PRD010,3,63.72,1,,0.0,0,0,1.0,5.0,8.0,4.0,5.75,3.593976442141305,4.875,2.6958963523950943,convenience,1,cleaning,21.24,4,0.16238591729310156,48,11,4,1
2024-12-02,ST002,PRD010,3,63.72,1,,0.0,0,0,3.0,1.0,9.0,5.0,4.5,3.415650255319867,4.75,2.764571782909096,convenience,1,cleaning,21.24,4,0.16238591729310156,49,12,4,0
2024-06-24,ST002,PRD014,14,935.1999999999999,2,,0.0,0,0,9.0,4.0,1.0,4.0,4.0,3.559026084010437,3.5,2.672612419124256,convenience,1,snack,66.8,5,0.8352695278668196,26,6,2,1
2024-07-08,ST002,PRD014,2,133.6,1,,0.0,0,0,14.0,9.0,2.0,1.0,7.25,5.377421934967226,4.75,4.590362575159899,convenience,1,snack,66.8,5,0.8352695278668196,28,7,3,0
2024-10-14,ST002,PRD014,11,734.8,1,,0.0,0,0,2.0,14.0,4.0,5.0,7.25,5.377421934967226,4.875,4.486089611231596,convenience,1,snack,66.8,5,0.8352695278668196,42,10,4,0
2024-12-23,ST002,PRD014,9,601.1999999999999,2,,0.0,0,0,11.0,2.0,9.0,2.0,9.0,5.0990195135927845,5.625,4.983902658989816,convenience,1,snack,66.8,5,0.8352695278668196,52,12,4,0
2024-09-23,ST002,PRD015,5,767.4,1,,0.0,0,0,4.0,3.0,7.0,3.0,5.25,2.0615528128088294,5.25,2.492846909516459,convenience,1,dairy,153.48,3,1.2256121095430972,39,9,3,0
2024-11-11,ST002,PRD015,7,1074.36,1,,0.0,0,0,5.0,4.0,7.0,4.0,4.75,1.7078251276599323,5.5,2.3299294900428795,convenience,1,dairy,153.48,3,1.2256121095430972,46,11,4,0
2024-11-25,ST002,PRD015,1,153.48,1,,0.0,0,0,7.0,5.0,3.0,10.0,4.75,1.7078251276599323,5.875,2.2951812875799553,convenience,1,dairy,153.48,3,1.2256121095430972,48,11,4,1
2024-08-05,ST002,PRD016,8,1641.76,1,,0.0,0,0,3.0,7.0,4.0,4.0,4.5,1.7320508075688767,4.5,3.1622776601683884,convenience,1,beverage,205.22,1,1.2128505600650101,32,8,3,0
2024-09-16,ST002,PRD016,4,820.88,1,,0.0,0,0,8.0,3.0,4.0,2.0,5.5,2.380476142847616,5.0,3.380617018914074,convenience,1,beverage,205.22,1,1.2128505600650101,38,9,3,0
2024-10-28,ST002,PRD016,4,820.88,1,,0.0,0,0,4.0,8.0,7.0,11.0,5.5,2.380476142847616,5.25,3.1959796173138777,convenience,1,beverage,205.22,1,1.2128505600650101,44,10,4,1
2024-12-02,ST002,PRD016,8,1641.76,1,,0.0,0,0,4.0,4.0,3.0,1.0,4.75,2.2173557826083448,4.375,2.1998376563477975,convenience,1,beverage,205.22,1,1.2128505600650101,49,12,4,0
2024-12-23,ST002,PRD016,4,820.88,1,,0.0,0,0,8.0,4.0,8.0,4.0,6.0,2.3094010767585025,5.25,2.052872551885714,convenience,1,beverage,205.22,1,1.2128505600650101,52,12,4,0
2024-11-18,ST002,PRD017,5,82.65,1,,0.0,0,0,4.0,2.0,5.0,5.0,4.25,1.7078251276599326,5.75,2.251983252919216,convenience,1,snack,16.53,5,0.20669169604249296,47,11,4,0
2024-09-30,ST002,PRD019,11,1969.66,1,,0.0,0,0,1.0,2.0,5.0,3.0,2.25,1.892969448600091,3.625,2.386719206657674,convenience,1,frozen,179.06,0,1.773409946635914,40,9,3,1
2024-10-21,ST002,PRD019,7,1253.42,1,,0.0,0,0,11.0,1.0,1.0,4.0,3.75,4.856267428111154,4.625,3.5025500914129974,convenience,1,frozen,179.06,0,1.773409946635914,43,10,4,0
2024-08-26,ST002,PRD020,8,759.68,1,,0.0,0,0,1.0,1.0,11.0,4.0,5.5,5.259911279353165,5.25,4.026696625558692,convenience,1,dairy,94.96,3,0.7583015762458465,35,8,3,1
2024-10-07,ST002,PRD020,1,94.96,1,,0.0,0,0,8.0,1.0,9.0,7.0,4.75,4.349329450233295,5.75,4.097037257057144,convenience,1,dairy,94.96,3,0.7583015762458465,41,10,4,0
2024-11-04,ST002,PRD020,2,189.92,1,,0.0,0,0,1.0,8.0,1.0,8.0,2.75,3.4999999999999987,5.0,4.375255094603879,convenience,1,dairy,94.96,3,0.7583015762458465,45,11,4,0
2024-12-02,ST002,PRD020,1,94.96,1,,0.0,0,0,2.0,1.0,1.0,1.0,3.0,3.366501646120691,4.25,4.3011626335213204,convenience,1,dairy,94.96,3,0.7583015762458465,49,12,4,0
2024-12-16,ST002,PRD020,4,379.84,1,,0.0,0,0,1.0,2.0,8.0,11.0,3.0,3.366501646120691,4.25,4.3011626335213204,convenience,1,dairy,94.96,3,0.7583015762458465,51,12,4,0
2024-11-18,ST002,PRD021,7,360.78,1,,0.0,0,0,8.0,13.0,2.0,6.0,6.0,5.597618541248887,5.25,3.918819064098636,convenience,1,frozen,51.54,0,0.5104520755591142,47,11,4,0
2024-11-25,ST002,PRD021,4,206.16,1,,0.0,0,0,7.0,8.0,1.0,5.0,7.25,4.924428900898051,5.375,3.9618718519695486,convenience,1,frozen,51.54,0,0.5104520755591142,48,11,4,1
2024-12-23,ST002,PRD021,7,360.78,1,,0.0,0,0,4.0,7.0,13.0,5.0,8.0,3.741657386773939,5.25,3.991061441342576,convenience,1,frozen,51.54,0,0.5104520755591142,52,12,4,0
2024-12-02,ST002,PRD022,1,239.95,1,,0.0,0,0,2.0,4.0,6.0,6.0,3.5,1.9148542155126713,5.5,2.6186146828319172,convenience,1,cleaning,239.95,4,1.8344868575555424,49,12,4,0
2024-07-01,ST002,PRD024,2,73.6,1,,0.0,0,0,6.0,4.0,7.0,4.0,4.5,2.6457513110645876,5.875,2.748376143938721,convenience,1,snack,36.8,5,0.4601484824176491,27,7,3,0
2024-07-08,ST002,PRD024,2,73.6,1,,0.0,0,0,2.0,6.0,1.0,7.0,3.25,2.217355782608341,5.625,3.0207614933986506,convenience,1,snack,36.8,5,0.4601484824176491,28,7,3,0
2024-07-22,ST002,PRD024,5,184.0,1,,0.0,0,0,2.0,2.0,4.0,9.0,3.5,1.914854215512672,5.0,3.2071349029491016,convenience,1,snack,36.8,5,0.4601484824176491,30,7,3,0
2024-07-29,ST002,PRD024,9,331.2,1,,0.0,0,0,5.0,2.0,6.0,9.0,3.75,2.0615528128088263,4.5,2.7774602993176662,convenience,1,snack,36.8,5,0.4601484824176491,31,7,3,1
2024-08-19,ST002,PRD024,5,184.0,1,,0.0,0,0,9.0,5.0,2.0,7.0,4.5,3.3166247903553976,4.5,2.7774602993176662,convenience,1,snack,36.8,5,0.4601484824176491,34,8,3,0
2024-08-26,ST002,PRD024,7,257.59999999999997,2,,0.0,0,0,5.0,9.0,2.0,1.0,5.25,2.8722813232690116,4.25,2.604940361258652,convenience,1,snack,36.8,5,0.4601484824176491,35,8,3,1
2024-10-21,ST002,PRD024,4,147.2,1,,0.0,0,0,7.0,5.0,5.0,4.0,6.5,1.914854215512672,5.0,2.390457218668799,convenience,1,snack,36.8,5,0.4601484824176491,43,10,4,0
2024-11-25,ST002,PRD024,3,110.39999999999999,1,,0.0,0,0,4.0,7.0,9.0,6.0,6.25,2.2173557826083417,5.0,2.390457218668799,convenience,1,snack,36.8,5,0.4601484824176491,48,11,4,1
2024-12-16,ST002,PRD024,8,294.4,1,,0.0,0,0,3.0,4.0,5.0,2.0,4.75,1.707825127659928,4.625,2.445841952609146,convenience,1,snack,36.8,5,0.4601484824176491,51,12,4,0
2024-12-23,ST002,PRD024,3,110.39999999999999,1,,0.0,0,0,8.0,3.0,7.0,2.0,5.5,2.380476142847613,5.375,2.4458419526091437,convenience,1,snack,36.8,5,0.4601484824176491,52,12,4,0
2024-11-25,ST002,PRD028,6,1228.08,1,,0.0,0,0,3.0,1.0,4.0,8.0,3.5,2.0816659994661286,4.875,2.7483761439387258,convenience,1,cleaning,204.68,4,1.5648375495080993,48,11,4,1
2024-12-30,ST002,PRD028,2,409.36,1,,0.0,0,0,6.0,3.0,6.0,7.0,4.0,2.4494897427831748,4.625,2.503568881188856,convenience,1,cleaning,204.68,4,1.5648375495080993,1,12,4,1
2024-10-28,ST002,PRD029,1,186.49,1,,0.0,0,0,1.0,6.0,11.0,4.0,5.25,4.349329450233294,4.375,3.204349722308292,convenience,1,dairy,186.49,3,1.4892129418080025,44,10,4,1
2024-12-02,ST002,PRD029,3,559.47,1,,0.0,0,0,1.0,1.0,3.0,1.0,2.75,2.3629078131263,4.0,3.422613871631711,convenience,1,dairy,186.49,3,1.4892129418080025,49,12,4,0
2024-10-14,ST002,PRD030,4,564.04,1,,0.0,0,0,8.0,1.0,9.0,2.0,4.75,4.349329450233296,5.625,3.925648263117104,convenience,1,cleaning,141.01,4,1.078062062029202,42,10,4,0
2024-11-11,ST002,PRD030,4,564.04,1,,0.0,0,0,4.0,8.0,1.0,5.0,3.5,3.3166247903554,5.875,3.72011904571423,convenience,1,cleaning,141.01,4,1.078062062029202,46,11,4,0
2024-12-02,ST002,PRD030,4,564.04,1,,0.0,0,0,4.0,4.0,1.0,11.0,4.25,2.8722813232690143,5.75,3.770183777256191,convenience,1,cleaning,141.01,4,1.078062062029202,49,12,4,0
2024-12-23,ST002,PRD030,2,282.02,1,,0.0,0,0,4.0,4.0,8.0,8.0,5.0,2.0,4.875,3.1367635732209376,convenience,1,cleaning,141.01,4,1.078062062029202,52,12,4,0
2024-06-10,ST003,PRD001,6,404.70000000000005,1,,0.0,0,0,4.0,4.0,4.0,7.0,4.75,1.5,6.375,2.3867192066576655,convenience,1,frozen,67.45,0,0.668024689492865,24,6,2,0
2024-06-17,ST003,PRD001,1,67.45,1,,0.0,0,0,6.0,4.0,7.0,7.0,5.25,1.5,6.25,2.375469878330847,convenience,1,frozen,67.45,0,0.668024689492865,25,6,2,0
2024-09-16,ST003,PRD001,5,337.25,1,,0.0,0,0,1.0,6.0,4.0,7.0,3.75,2.0615528128088303,5.5,2.9760952365713877,convenience,1,frozen,67.45,0,0.668024689492865,38,9,3,0
2024-09-23,ST003,PRD001,5,337.25,1,,0.0,0,0,5.0,1.0,4.0,11.0,4.0,2.160246899469287,5.25,2.9154759474226597,convenience,1,frozen,67.45,0,0.668024689492865,39,9,3,0
2024-10-21,ST003,PRD001,4,269.8,1,,0.0,0,0,5.0,5.0,6.0,4.0,4.25,2.217355782608345,4.5,1.7728105208558584,convenience,1,frozen,67.45,0,0.668024689492865,43,10,4,0
2024-11-11,ST003,PRD001,4,269.8,1,,0.0,0,0,4.0,5.0,1.0,7.0,3.75,1.8929694486000912,4.5,1.7728105208558584,convenience,1,frozen,67.45,0,0.668024689492865,46,11,4,0
2024-08-19,ST003,PRD002,4,752.28,1,,0.0,0,0,9.0,5.0,2.0,3.0,4.25,3.593976442141304,4.5,2.9760952365713926,convenience,1,beverage,188.07,1,1.1114940299747902,34,8,3,0
2024-09-02,ST003,PRD002,8,1504.56,1,,0.0,0,0,4.0,9.0,1.0,6.0,4.75,3.304037933599835,4.625,2.9246489410819034,convenience,1,beverage,188.07,1,1.1114940299747902,36,9,3,0
2024-12-23,ST003,PRD002,1,188.07,1,,0.0,0,0,8.0,4.0,5.0,2.0,6.5,2.3804761428476167,4.875,3.1367635732209367,convenience,1,beverage,188.07,1,1.1114940299747902,52,12,4,0
2024-12-09,ST003,PRD003,6,1044.1200000000001,1,,0.0,0,0,3.0,5.0,5.0,7.0,4.25,0.9574271077563375,4.25,2.5495097567964087,convenience,1,personal_care,174.02,2,1.444002778326526,50,12,4,0
2024-10-07,ST003,PRD005,11,389.73,2,,0.0,0,0,9.0,5.0,5.0,4.0,6.25,1.8929694486000905,7.25,2.604940361258639,convenience,1,cleaning,35.43,4,0.2708725541287471,41,10,4,0
2024-11-18,ST003,PRD005,7,248.01,1,,0.0,0,0,11.0,9.0,6.0,8.0,7.75,2.7537852736430493,8.125,2.531938839252297,convenience,1,cleaning,35.43,4,0.2708725541287471,47,11,4,0
2024-11-25,ST003,PRD005,6,212.57999999999998,1,,0.0,0,0,7.0,11.0,5.0,10.0,8.0,2.5819888974716094,8.0,2.56347977784662,convenience,1,cleaning,35.43,4,0.2708725541287471,48,11,4,1
2024-12-23,ST003,PRD005,1,35.43,1,,0.0,0,0,6.0,7.0,9.0,11.0,8.25,2.2173557826083425,7.5,2.5071326821120343,convenience,1,cleaning,35.43,4,0.2708725541287471,52,12,4,0
2024-10-28,ST003,PRD006,11,1255.65,1,,0.0,0,0,5.0,8.0,8.0,3.0,6.25,2.061552812808827,7.375,4.718883039751795,convenience,1,personal_care,114.15,2,0.9472067414433567,44,10,4,1
2024-12-16,ST003,PRD006,7,799.0500000000001,1,,0.0,0,0,11.0,5.0,4.0,8.0,7.0,3.1622776601683773,8.375,4.5019836897591174,convenience,1,personal_care,114.15,2,0.9472067414433567,51,12,4,0
2024-12-30,ST003,PRD006,6,684.9000000000001,1,,0.0,0,0,7.0,11.0,8.0,5.0,7.75,2.4999999999999973,8.25,4.527692569068705,convenience,1,personal_care,114.15,2,0.9472067414433567,1,12,4,1
2024-07-29,ST003,PRD007,1,22.0,1,,0.0,0,0,7.0,1.0,6.0,7.0,5.5,3.1091263510296057,4.25,3.058944729337704,convenience,1,dairy,22.0,3,0.17568065161550783,31,7,3,1
2024-09-09,ST003,PRD007,1,22.0,1,,0.0,0,0,1.0,7.0,8.0,3.0,4.25,3.7749172176353754,3.5,3.0237157840738305,convenience,1,dairy,22.0,3,0.17568065161550783,37,9,3,0
2024-06-17,ST003,PRD008,4,265.52,1,,0.0,0,0,4.0,5.0,7.0,1.0,5.0,1.4142135623730956,3.625,1.9955307206713027,convenience,1,personal_care,66.38,2,0.5508154489444591,25,6,2,0
2024-08-05,ST003,PRD008,4,265.52,1,,0.0,0,0,4.0,4.0,4.0,1.0,4.25,0.5000000000000009,4.0,1.6903085094570518,convenience,1,personal_care,66.38,2,0.5508154489444591,32,8,3,0
2024-08-12,ST003,PRD008,6,398.28,2,,0.0,0,0,4.0,4.0,5.0,3.0,4.25,0.5000000000000009,4.375,1.1877349391654437,convenience,1,personal_care,66.38,2,0.5508154489444591,33,8,3,0
2024-09-09,ST003,PRD008,4,265.52,1,,0.0,0,0,6.0,4.0,4.0,4.0,4.5,1.0,4.75,1.1649647450214549,convenience,1,personal_care,66.38,2,0.5508154489444591,37,9,3,0
2024-11-18,ST003,PRD008,4,265.52,1,,0.0,0,0,4.0,6.0,4.0,7.0,4.5,1.0,4.75,1.1649647450214549,convenience,1,personal_care,66.38,2,0.5508154489444591,47,11,4,0
2024-12-02,ST003,PRD008,11,730.18,1,,0.0,0,0,4.0,4.0,4.0,4.0,4.5,1.0,4.375,0.7440238091428816,convenience,1,personal_care,66.38,2,0.5508154489444591,49,12,4,0
2024-12-23,ST003,PRD013,10,1430.6,1,,0.0,0,0,3.0,20.0,7.0,3.0,9.0,7.52772652709081,7.25,5.824823725107173,convenience,1,cleaning,143.06,4,1.093734902445909,52,12,4,0
2024-05-06,ST003,PRD014,4,267.2,1,,0.0,0,0,15.0,1.0,2.0,3.0,4.75,6.849574196011505,4.0,4.598136268408887,convenience,1,snack,66.8,5,0.8352695278668196,19,5,2,0
2024-07-08,ST003,PRD014,8,534.4,1,,0.0,0,0,4.0,15.0,1.0,4.0,5.25,6.652067347825035,4.125,4.580626906564528,convenience,1,snack,66.8,5,0.8352695278668196,28,7,3,0
2024-07-15,ST003,PRD014,7,467.59999999999997,1,,0.0,0,0,8.0,4.0,1.0,2.0,7.0,6.055300708194982,4.625,4.779046527738118,convenience,1,snack,66.8,5,0.8352695278668196,29,7,3,0
2024-08-12,ST003,PRD014,3,200.39999999999998,1,,0.0,0,0,7.0,8.0,15.0,4.0,8.5,4.654746681256312,5.25,4.713203338949609,convenience,1,snack,66.8,5,0.8352695278668196,33,8,3,0
2024-09-23,ST003,PRD014,13,868.4,1,,0.0,0,0,3.0,7.0,4.0,2.0,5.5,2.380476142847614,5.125,4.764076885549666,convenience,1,snack,66.8,5,0.8352695278668196,39,9,3,0
2024-09-30,ST003,PRD014,13,868.3999999999999,2,,0.0,0,0,13.0,3.0,8.0,1.0,7.75,4.11298755975102,6.5,5.2915026221291805,convenience,1,snack,66.8,5,0.8352695278668196,40,9,3,1
2024-12-23,ST003,PRD014,1,66.8,1,,0.0,0,0,13.0,13.0,7.0,1.0,9.0,4.898979485566355,8.0,5.209880722517272,convenience,1,snack,66.8,5,0.8352695278668196,52,12,4,0
2024-11-25,ST003,PRD016,3,615.66,1,,0.0,0,0,8.0,7.0,11.0,10.0,7.0,3.7416573867739413,6.625,3.2923070504261456,convenience,1,beverage,205.22,1,1.2128505600650101,48,11,4,1
2024-12-23,ST003,PRD016,8,1641.76,1,,0.0,0,0,3.0,8.0,2.0,3.0,5.0,2.9439202887759484,5.75,3.195979617313873,convenience,1,beverage,205.22,1,1.2128505600650101,52,12,4,0
2024-12-02,ST003,PRD017,5,82.65,1,,0.0,0,0,11.0,9.0,1.0,4.0,6.5,4.43471156521669,5.75,3.6547425158474396,convenience,1,snack,16.53,5,0.20669169604249296,49,12,4,0
2024-06-24,ST003,PRD019,7,1253.42,2,,0.0,0,0,9.0,4.0,8.0,11.0,9.25,4.991659710623979,7.125,4.882549100038391,convenience,1,frozen,179.06,0,1.773409946635914,26,6,2,1
2024-07-22,ST003,PRD019,13,2327.78,1,,0.0,0,0,7.0,9.0,16.0,5.0,9.0,5.0990195135927845,6.625,4.627171304989073,convenience,1,frozen,179.06,0,1.773409946635914,30,7,3,0
2024-09-09,ST003,PRD019,12,2148.7200000000003,2,,0.0,0,0,13.0,7.0,4.0,1.0,8.25,3.774917217635374,7.625,5.069164484550541,convenience,1,frozen,179.06,0,1.773409946635914,37,9,3,0
2024-09-23,ST003,PRD019,9,1611.54,2,,0.0,0,0,12.0,13.0,9.0,3.0,10.25,2.7537852736430497,9.0,4.472135954999573,convenience,1,frozen,179.06,0,1.773409946635914,39,9,3,0
2024-09-30,ST003,PRD019,3,537.1800000000001,1,,0.0,0,0,9.0,12.0,7.0,8.0,10.25,2.7537852736430497,9.75,3.770183777256177,convenience,1,frozen,179.06,0,1.773409946635914,40,9,3,1
2024-11-04,ST003,PRD020,8,759.68,1,,0.0,0,0,8.0,10.0,4.0,7.0,6.0,3.6514837167011067,5.375,3.0207614933986466,convenience,1,dairy,94.96,3,0.7583015762458465,45,11,4,0
2024-11-25,ST003,PRD020,7,664.7199999999999,1,,0.0,0,0,8.0,8.0,2.0,5.0,7.0,3.4641016151377535,5.5,3.1167748898959213,convenience,1,dairy,94.96,3,0.7583015762458465,48,11,4,1
2024-12-30,ST003,PRD020,1,94.96,1,,0.0,0,0,7.0,8.0,10.0,1.0,8.25,1.2583057392117893,5.75,3.150963571444685,convenience,1,dairy,94.96,3,0.7583015762458465,1,12,4,1
2024-10-07,ST003,PRD022,11,2639.45,1,,0.0,0,0,1.0,6.0,2.0,4.0,8.0,10.23067283548187,7.0,6.845227743263393,convenience,1,cleaning,239.95,4,1.8344868575555424,41,10,4,0
2024-11-04,ST003,PRD022,4,959.8,1,,0.0,0,1,11.0,1.0,23.0,7.0,10.25,9.429563439877091,7.875,6.854352110677042,convenience,1,cleaning,239.95,4,1.8344868575555424,45,11,4,0
2024-12-09,ST003,PRD022,7,1679.6499999999999,1,,0.0,0,0,4.0,11.0,6.0,6.0,5.5,4.203173404306164,7.5,6.989788470128609,convenience,1,cleaning,239.95,4,1.8344868575555424,50,12,4,0
2024-12-16,ST003,PRD022,5,1199.75,1,,0.0,0,0,7.0,4.0,1.0,7.0,5.75,4.272001872658765,7.625,6.968039281503184,convenience,1,cleaning,239.95,4,1.8344868575555424,51,12,4,0
2024-09-02,ST003,PRD023,3,282.29999999999995,1,,0.0,0,0,7.0,8.0,7.0,7.0,5.75,3.2015621187164243,6.0,2.3299294900428746,convenience,1,dairy,94.1,3,0.751434059864513,36,9,3,0
2024-10-07,ST003,PRD023,5,470.5,1,,0.0,0,0,3.0,7.0,1.0,4.0,4.75,3.304037933599835,5.5,2.5071326821120414,convenience,1,dairy,94.1,3,0.751434059864513,41,10,4,0
2024-10-21,ST003,PRD023,12,1129.1999999999998,3,,0.0,0,0,5.0,3.0,8.0,7.0,5.75,2.217355782608345,5.625,2.445841952609139,convenience,1,dairy,94.1,3,0.751434059864513,43,10,4,0
2024-12-09,ST003,PRD023,1,94.1,1,,0.0,0,0,12.0,5.0,7.0,7.0,6.75,3.8622100754188224,6.25,3.327375628243464,convenience,1,dairy,94.1,3,0.751434059864513,50,12,4,0
2024-09-02,ST003,PRD028,5,1023.4000000000001,1,,0.0,0,0,6.0,2.0,1.0,2.0,3.0,2.160246899469286,4.25,3.011881234615438,convenience,1,cleaning,204.68,4,1.5648375495080993,36,9,3,0
2024-09-30,ST003,PRD028,3,614.04,1,,0.0,0,0,5.0,6.0,3.0,8.0,4.0,1.8257418583505534,4.625,2.8753881725529133,convenience,1,cleaning,204.68,4,1.5648375495080993,40,9,3,1
2024-10-07,ST003,PRD028,8,1637.44,1,,0.0,0,0,3.0,5.0,2.0,3.0,4.0,1.825741858350553,4.0,2.563479777846632,convenience,1,cleaning,204.68,4,1.5648375495080993,41,10,4,0
2024-07-08,ST003,PRD029,7,1305.43,1,,0.0,0,0,8.0,8.0,8.0,2.0,7.25,1.5,6.25,2.866057521105556,convenience,1,dairy,186.49,3,1.4892129418080025,28,7,3,0
2024-09-02,ST003,PRD029,8,1491.92,1,,0.0,0,0,7.0,8.0,5.0,2.0,7.0,1.4142135623730951,6.875,2.295181287579947,convenience,1,dairy,186.49,3,1.4892129418080025,36,9,3,0
2024-09-16,ST003,PRD029,1,186.49,1,,0.0,0,0,8.0,7.0,8.0,9.0,7.75,0.4999999999999998,7.625,1.1877349391654157,convenience,1,dairy,186.49,3,1.4892129418080025,38,9,3,0
2024-09-30,ST003,PRD029,3,559.47,1,,0.0,0,0,1.0,8.0,8.0,8.0,6.0,3.366501646120693,6.625,2.5035688811888415,convenience,1,dairy,186.49,3,1.4892129418080025,40,9,3,1
2024-11-04,ST003,PRD029,2,372.98,1,,0.0,0,0,3.0,1.0,7.0,8.0,4.75,3.304037933599835,6.0,2.72554057547699,convenience,1,dairy,186.49,3,1.4892129418080025,45,11,4,0
2024-12-09,ST003,PRD029,2,372.98,1,,0.0,0,0,2.0,3.0,8.0,5.0,3.5,3.1091263510296048,5.25,2.915475947422655,convenience,1,dairy,186.49,3,1.4892129418080025,50,12,4,0
2024-12-02,ST004,PRD001,6,404.70000000000005,1,,0.0,0,0,1.0,14.0,2.0,5.0,4.5,6.350852961085884,4.625,4.470139019889974,minimart,0,frozen,67.45,0,0.668024689492865,49,12,4,0
2024-12-09,ST004,PRD001,6,404.70000000000005,1,,0.0,0,0,6.0,1.0,1.0,8.0,5.5,6.137317546507324,4.75,4.496029994816066,minimart,0,frozen,67.45,0,0.668024689492865,50,12,4,0
2024-12-23,ST004,PRD001,7,472.15000000000003,1,,0.0,0,0,6.0,6.0,14.0,4.0,6.75,5.377421934967227,4.5,4.34248118673448,minimart,0,frozen,67.45,0,0.668024689492865,52,12,4,0
2024-07-29,ST004,PRD002,8,1504.56,1,,0.0,0,0,11.0,7.0,2.0,5.0,6.25,3.774917217635375,5.875,2.799872446074238,minimart,0,beverage,188.07,1,1.1114940299747902,31,7,3,1
2024-08-05,ST004,PRD002,2,376.14,1,,0.0,0,0,8.0,11.0,5.0,7.0,7.75,2.5,6.25,2.8660575211055574,minimart,0,beverage,188.07,1,1.1114940299747902,32,8,3,0
2024-08-12,ST004,PRD002,2,376.14,1,,0.0,0,0,2.0,8.0,7.0,7.0,7.0,3.7416573867739413,5.625,3.204349722308283,minimart,0,beverage,188.07,1,1.1114940299747902,33,8,3,0
2024-09-30,ST004,PRD002,2,376.14,1,,0.0,0,0,2.0,2.0,11.0,3.0,5.75,4.5,5.0,3.380617018914072,minimart,0,beverage,188.07,1,1.1114940299747902,40,9,3,1
2024-10-28,ST004,PRD002,7,1316.49,1,,0.0,0,0,2.0,2.0,8.0,2.0,3.5,2.9999999999999996,4.875,3.4820970692960356,minimart,0,beverage,188.07,1,1.1114940299747902,44,10,4,1
2024-12-16,ST004,PRD002,1,188.07,1,,0.0,0,0,7.0,2.0,2.0,5.0,3.25,2.5,5.5,3.3380918415851255,minimart,0,beverage,188.07,1,1.1114940299747902,51,12,4,0
2024-08-05,ST004,PRD003,7,1218.14,1,,0.0,0,0,2.0,3.0,6.0,9.0,4.75,2.753785273643051,5.625,2.6692695630078336,minimart,0,personal_care,174.02,2,1.444002778326526,32,8,3,0
2024-08-19,ST004,PRD003,9,1566.18,1,,0.0,0,0,7.0,2.0,8.0,3.0,5.0,2.943920288775949,5.375,2.3867192066576672,minimart,0,personal_care,174.02,2,1.444002778326526,34,8,3,0
2024-09-09,ST004,PRD003,2,348.04,1,,0.0,0,0,9.0,7.0,3.0,8.0,5.25,3.304037933599835,6.125,2.474873734152921,minimart,0,personal_care,174.02,2,1.444002778326526,37,9,3,0
2024-09-30,ST004,PRD003,9,1566.1800000000003,2,,0.0,0,0,2.0,9.0,2.0,6.0,5.0,3.559026084010437,5.375,2.7222627143085067,minimart,0,personal_care,174.02,2,1.444002778326526,40,9,3,1
2024-11-04,ST004,PRD003,7,1218.14,1,,0.0,0,0,9.0,2.0,7.0,6.0,6.75,3.304037933599835,5.75,3.0118812346154353,minimart,0,personal_care,174.02,2,1.444002778326526,45,11,4,0
2024-11-11,ST004,PRD003,7,1218.14,1,,0.0,0,0,7.0,9.0,9.0,8.0,6.75,3.304037933599835,5.875,3.0443155458751594,minimart,0,personal_care,174.02,2,1.444002778326526,46,11,4,0
2024-12-02,ST004,PRD003,10,1740.2000000000003,2,,0.0,0,0,7.0,7.0,2.0,3.0,6.25,2.9860788111948193,5.75,2.964070560178066,minimart,0,personal_care,174.02,2,1.444002778326526,49,12,4,0
2024-12-23,ST004,PRD003,4,696.08,1,,0.0,0,0,10.0,7.0,9.0,2.0,8.25,1.4999999999999998,6.625,3.0676887530703474,minimart,0,personal_care,174.02,2,1.444002778326526,52,12,4,0
2024-11-04,ST004,PRD004,15,3369.9,2,,0.0,0,0,11.0,13.0,8.0,1.0,9.5,3.1091263510296048,7.5,4.035556254807297,minimart,0,dairy,224.66,3,1.7940188723609085,45,11,4,0
2024-12-02,ST004,PRD004,3,673.98,1,,0.0,0,0,15.0,11.0,6.0,3.0,11.25,3.8622100754188224,9.25,3.8452196667699328,minimart,0,dairy,224.66,3,1.7940188723609085,49,12,4,0
2024-08-26,ST004,PRD008,9,597.42,2,,0.0,0,0,4.0,1.0,5.0,6.0,4.25,2.5,5.75,3.195979617313875,minimart,0,personal_care,66.38,2,0.5508154489444591,35,8,3,1
2024-10-14,ST004,PRD008,3,199.14,1,,0.0,0,0,9.0,4.0,7.0,10.0,5.25,3.5,6.125,3.399054490379854,minimart,0,personal_care,66.38,2,0.5508154489444591,42,10,4,0
2024-10-28,ST004,PRD008,3,199.14,1,,0.0,0,0,3.0,9.0,1.0,3.0,4.25,3.4034296427770228,5.25,3.150963571444688,minimart,0,personal_care,66.38,2,0.5508154489444591,44,10,4,1
2024-11-25,ST004,PRD008,2,132.76,1,,0.0,0,0,3.0,3.0,4.0,10.0,4.75,2.8722813232690143,5.25,3.150963571444688,minimart,0,personal_care,66.38,2,0.5508154489444591,48,11,4,1
2024-12-16,ST004,PRD008,6,398.28,3,,0.0,0,0,2.0,3.0,9.0,5.0,4.25,3.2015621187164243,4.25,2.659215781283765,minimart,0,personal_care,66.38,2,0.5508154489444591,51,12,4,0
2024-12-23,ST004,PRD008,10,663.8,2,,0.0,0,0,6.0,2.0,3.0,7.0,3.5,1.7320508075688772,4.375,2.72226271430851,minimart,0,personal_care,66.38,2,0.5508154489444591,52,12,4,0
2024-10-07,ST004,PRD009,1,133.76,1,PROMO001,0.25,1,0,19.0,6.0,5.0,11.0,9.0,6.68331255192114,9.125,5.383506557731944,minimart,0,snack,133.76,5,1.6725397013093681,41,10,4,0
2024-10-14,ST004,PRD009,6,802.56,1,,0.0,0,0,1.0,19.0,6.0,4.0,8.0,7.702813338860895,7.875,6.010407640085654,minimart,0,snack,133.76,5,1.6725397013093681,42,10,4,0
2024-10-28,ST004,PRD009,3,401.28,1,,0.0,0,0,6.0,1.0,6.0,15.0,8.0,7.702813338860895,8.125,5.866064633612068,minimart,0,snack,133.76,5,1.6725397013093681,44,10,4,1
2024-11-18,ST004,PRD009,4,535.04,1,,0.0,0,0,3.0,6.0,19.0,7.0,7.25,8.098353742170895,6.625,5.370222128951998,minimart,0,snack,133.76,5,1.6725397013093681,47,11,4,0
2024-12-16,ST004,PRD009,4,535.04,1,,0.0,0,0,4.0,3.0,1.0,5.0,3.5,2.081665999466132,6.25,5.444525428617004,minimart,0,snack,133.76,5,1.6725397013093681,51,12,4,0
2024-09-09,ST004,PRD010,5,106.19999999999999,1,,0.0,0,0,8.0,8.0,3.0,8.0,5.0,3.5590260840104366,4.625,3.067688753070352,minimart,0,cleaning,21.24,4,0.16238591729310156,37,9,3,0
2024-09-16,ST004,PRD010,8,169.92,1,,0.0,0,0,5.0,8.0,1.0,3.0,5.5,3.3166247903553994,4.25,2.7645717829090986,minimart,0,cleaning,21.24,4,0.16238591729310156,38,9,3,0
2024-09-23,ST004,PRD010,5,106.19999999999999,1,,0.0,0,0,8.0,5.0,8.0,5.0,7.25,1.4999999999999993,4.875,2.9970223317724707,minimart,0,cleaning,21.24,4,0.16238591729310156,39,9,3,0
2024-10-07,ST004,PRD010,8,169.92,1,,0.0,0,0,5.0,8.0,8.0,1.0,6.5,1.7320508075688767,4.875,2.9970223317724707,minimart,0,cleaning,21.24,4,0.16238591729310156,41,10,4,0
2024-11-18,ST004,PRD010,5,106.19999999999999,1,,0.0,0,0,8.0,5.0,5.0,3.0,6.5,1.7320508075688767,5.75,2.7124053637210803,minimart,0,cleaning,21.24,4,0.16238591729310156,47,11,4,0
2024-11-04,ST004,PRD011,4,246.92,1,,0.0,0,0,2.0,2.0,7.0,4.0,5.0,3.5590260840104366,4.875,2.850438562747852,minimart,0,beverage,61.73,1,0.3648244083072463,45,11,4,0
2024-12-09,ST004,PRD011,8,493.84,1,,0.0,0,0,4.0,2.0,9.0,2.0,4.25,3.304037933599834,4.875,2.850438562747852,minimart,0,beverage,61.73,1,0.3648244083072463,50,12,4,0
2024-12-23,ST004,PRD011,13,802.49,1,,0.0,0,0,8.0,4.0,2.0,8.0,4.0,2.8284271247461894,5.625,2.774243783705499,minimart,0,beverage,61.73,1,0.3648244083072463,52,12,4,0
2024-08-05,ST004,PRD012,11,1844.92,1,,0.0,0,0,2.0,8.0,7.0,7.0,5.75,2.629955639676582,5.125,2.4164614034339036,minimart,0,beverage,167.72,1,0.9912254942700688,32,8,3,0
2024-09-02,ST004,PRD012,5,838.6,1,,0.0,0,0,11.0,2.0,6.0,3.0,6.75,3.774917217635374,5.625,3.1594529363709296,minimart,0,beverage,167.72,1,0.9912254942700688,36,9,3,0
2024-09-23,ST004,PRD012,1,167.72,1,,0.0,0,0,5.0,11.0,8.0,2.0,6.5,3.872983346207416,5.875,2.997022331772469,minimart,0,beverage,167.72,1,0.9912254942700688,39,9,3,0
2024-09-30,ST004,PRD012,5,838.6,1,,0.0,0,0,1.0,5.0,2.0,6.0,4.75,4.5,5.75,3.1959796173138755,minimart,0,beverage,167.72,1,0.9912254942700688,40,9,3,1
2024-10-14,ST004,PRD012,1,167.72,1,,0.0,0,0,5.0,1.0,11.0,7.0,5.5,4.12310562561766,5.625,3.204349722308284,minimart,0,beverage,167.72,1,0.9912254942700688,42,10,4,0
2024-11-04,ST004,PRD012,4,670.88,1,,0.0,0,0,1.0,5.0,5.0,6.0,3.0,2.3094010767585025,4.875,3.522884370187918,minimart,0,beverage,167.72,1,0.9912254942700688,45,11,4,0
2024-12-23,ST004,PRD013,3,429.18,1,,0.0,0,0,1.0,2.0,6.0,5.0,3.75,2.629955639676583,4.125,2.232071427428545,minimart,0,cleaning,143.06,4,1.093734902445909,52,12,4,0
2024-11-25,ST004,PRD015,7,1074.36,1,,0.0,0,0,7.0,5.0,1.0,4.0,4.0,2.5819888974716103,4.5,3.2071349029490985,minimart,0,dairy,153.48,3,1.2256121095430972,48,11,4,1
2024-09-09,ST004,PRD017,1,16.53,1,,0.0,0,0,2.0,7.0,11.0,8.0,5.5,4.358898943540674,5.375,3.6228441865473635,minimart,0,snack,16.53,5,0.20669169604249296,37,9,3,0
2024-09-23,ST004,PRD017,3,49.59,2,,0.0,0,0,1.0,2.0,2.0,1.0,3.0,2.7080128015453204,4.5,3.7416573867739467,minimart,0,snack,16.53,5,0.20669169604249296,39,9,3,0
2024-10-07,ST004,PRD017,2,33.06,1,,0.0,0,0,3.0,1.0,7.0,4.0,3.25,2.6299556396765835,4.75,3.535533905932743,minimart,0,snack,16.53,5,0.20669169604249296,41,10,4,0
2024-10-14,ST004,PRD017,1,16.53,1,,0.0,0,0,2.0,3.0,2.0,8.0,2.0,0.8164965809277275,4.5,3.6645015252516226,minimart,0,snack,16.53,5,0.20669169604249296,42,10,4,0
2024-10-28,ST004,PRD017,1,16.53,1,,0.0,0,0,1.0,2.0,1.0,11.0,1.75,0.9574271077563393,3.625,3.54310195006741,minimart,0,snack,16.53,5,0.20669169604249296,44,10,4,1
2024-11-18,ST004,PRD017,7,115.71000000000001,1,,0.0,0,0,1.0,1.0,3.0,2.0,1.75,0.9574271077563393,2.375,1.9955307206713029,minimart,0,snack,16.53,5,0.20669169604249296,47,11,4,0
2024-12-23,ST004,PRD017,1,16.53,1,,0.0,0,0,7.0,1.0,2.0,7.0,2.75,2.8722813232690148,3.0,2.563479777846635,minimart,0,snack,16.53,5,0.20669169604249296,52,12,4,0
2024-10-28,ST004,PRD018,13,2656.81,2,,0.0,0,0,2.0,10.0,7.0,7.0,5.25,3.947573094109004,5.875,2.799872446074238,minimart,0,beverage,204.37,1,1.2078270585736581,44,10,4,1
2024-11-18,ST004,PRD018,8,1634.96,1,,0.0,0,0,13.0,2.0,2.0,6.0,6.75,5.619905100029122,6.625,3.7772817134623615,minimart,0,beverage,204.37,1,1.2078270585736581,47,11,4,0
2024-11-25,ST004,PRD018,1,204.37,1,,0.0,0,0,8.0,13.0,10.0,5.0,8.25,4.645786621588784,6.875,3.796144660799203,minimart,0,beverage,204.37,1,1.2078270585736581,48,11,4,1
2024-08-26,ST004,PRD020,2,189.92,1,,0.0,0,0,1.0,3.0,5.0,3.0,3.0,1.6329931618554496,4.75,3.2403703492039364,minimart,0,dairy,94.96,3,0.7583015762458465,35,8,3,1
2024-09-09,ST004,PRD020,7,664.7199999999999,1,,0.0,0,0,2.0,1.0,3.0,4.0,2.25,0.9574271077563341,4.625,3.3354160160315898,minimart,0,dairy,94.96,3,0.7583015762458465,37,9,3,0
2024-11-18,ST004,PRD020,2,189.92,1,,0.0,0,0,7.0,2.0,3.0,11.0,3.25,2.629955639676582,5.0,3.422613871631702,minimart,0,dairy,94.96,3,0.7583015762458465,47,11,4,0
2024-07-08,ST004,PRD021,9,463.86,2,,0.0,0,0,11.0,15.0,7.0,7.0,10.25,3.593976442141304,8.5,3.295017884191655,minimart,0,frozen,51.54,0,0.5104520755591142,28,7,3,0
2024-12-16,ST004,PRD021,7,360.78000000000003,2,,0.0,0,0,9.0,11.0,8.0,4.0,10.75,3.095695936834452,8.75,3.240370349203929,minimart,0,frozen,51.54,0,0.5104520755591142,51,12,4,0
2024-11-18,ST004,PRD022,3,683.8499999999999,1,PROMO005,0.05,1,1,3.0,4.0,3.0,5.0,3.75,0.9574271077563421,4.875,1.9594095320493228,minimart,0,cleaning,239.95,4,1.8344868575555424,47,11,4,0
2024-12-02,ST004,PRD022,13,3119.35,3,,0.0,0,0,3.0,3.0,5.0,4.0,3.75,0.9574271077563421,4.625,2.065879266282804,minimart,0,cleaning,239.95,4,1.8344868575555424,49,12,4,0
2024-12-16,ST004,PRD022,11,2639.45,1,,0.0,0,0,13.0,3.0,4.0,6.0,5.75,4.856267428111155,5.75,3.575711717366811,minimart,0,cleaning,239.95,4,1.8344868575555424,51,12,4,0
2024-12-02,ST004,PRD023,5,470.5,1,,0.0,0,0,16.0,8.0,4.0,5.0,8.75,5.1234753829798,6.875,4.2236578595200776,minimart,0,dairy,94.1,3,0.751434059864513,49,12,4,0
2024-07-22,ST004,PRD025,1,37.73,1,,0.0,0,0,9.0,1.0,11.0,1.0,5.5,5.259911279353166,5.25,4.23421438150827,minimart,0,dairy,37.73,3,0.3012923175205959,30,7,3,0
2024-07-29,ST004,PRD025,9,339.57,1,,0.0,0,0,1.0,9.0,1.0,4.0,3.0,4.0,5.25,4.23421438150827,minimart,0,dairy,37.73,3,0.3012923175205959,31,7,3,1
2024-08-05,ST004,PRD025,4,150.92,1,,0.0,0,0,9.0,1.0,1.0,10.0,5.0,4.618802153517005,5.875,4.389516732267593,minimart,0,dairy,37.73,3,0.3012923175205959,32,8,3,0
2024-08-26,ST004,PRD025,5,188.64999999999998,1,,0.0,0,0,4.0,9.0,9.0,5.0,5.75,3.947573094109002,5.125,4.08612635284674,minimart,0,dairy,37.73,3,0.3012923175205959,35,8,3,1
2024-09-02,ST004,PRD025,1,37.73,1,,0.0,0,0,5.0,4.0,1.0,11.0,4.75,3.3040379335998336,5.125,4.08612635284674,minimart,0,dairy,37.73,3,0.3012923175205959,36,9,3,0
2024-09-30,ST004,PRD025,1,37.73,1,,0.0,0,0,1.0,5.0,9.0,1.0,4.75,3.3040379335998336,3.875,3.5228843701879202,minimart,0,dairy,37.73,3,0.3012923175205959,40,9,3,1
2024-12-02,ST004,PRD025,11,415.03,1,,0.0,0,0,1.0,1.0,4.0,1.0,2.75,2.0615528128088303,3.875,3.5228843701879202,minimart,0,dairy,37.73,3,0.3012923175205959,49,12,4,0
2024-12-16,ST004,PRD025,2,75.46,1,,0.0,0,0,11.0,1.0,5.0,9.0,4.5,4.725815626252608,5.125,4.086126352846741,minimart,0,dairy,37.73,3,0.3012923175205959,51,12,4,0
2024-10-28,ST004,PRD029,2,372.98,1,,0.0,0,0,5.0,1.0,4.0,9.0,4.5,2.886751345948129,4.625,2.875388172552914,minimart,0,dairy,186.49,3,1.4892129418080025,44,10,4,1
2024-12-09,ST004,PRD029,1,186.49,1,,0.0,0,0,2.0,5.0,8.0,1.0,4.0,3.1622776601683795,3.75,2.3754698783308523,minimart,0,dairy,186.49,3,1.4892129418080025,50,12,4,0
2024-12-30,ST004,PRD029,6,1118.94,1,,0.0,0,0,1.0,2.0,1.0,4.0,2.25,1.8929694486000914,3.75,2.3754698783308523,minimart,0,dairy,186.49,3,1.4892129418080025,1,12,4,1
2024-07-22,ST004,PRD030,7,987.0699999999999,1,,0.0,0,0,1.0,1.0,2.0,9.0,2.0,1.4142135623730956,2.75,2.7124053637210865,minimart,0,cleaning,141.01,4,1.078062062029202,30,7,3,0
2024-11-04,ST004,PRD030,8,1128.08,1,,0.0,0,0,7.0,1.0,4.0,2.0,3.25,2.8722813232690148,2.5,2.070196678027078,minimart,0,cleaning,141.01,4,1.078062062029202,45,11,4,0
2024-12-16,ST004,PRD030,2,282.02,1,,0.0,0,0,8.0,7.0,1.0,1.0,4.25,3.774917217635375,3.25,2.8157719063467277,minimart,0,cleaning,141.01,4,1.078062062029202,51,12,4,0
2024-09-02,ST005,PRD001,7,472.15000000000003,1,,0.0,0,0,1.0,2.0,2.0,4.0,5.5,7.681145747868609,6.0,5.318431562567513,supermarket,2,frozen,67.45,0,0.668024689492865,36,9,3,0
2024-09-09,ST005,PRD001,3,202.35000000000002,1,,0.0,0,0,7.0,1.0,17.0,10.0,6.75,7.320063751999251,6.375,5.26273964503552,supermarket,2,frozen,67.45,0,0.668024689492865,37,9,3,0
2024-09-30,ST005,PRD001,11,741.95,1,,0.0,0,0,3.0,7.0,2.0,6.0,3.25,2.629955639676586,5.5,5.154748157905351,supermarket,2,frozen,67.45,0,0.668024689492865,40,9,3,1
2024-11-25,ST005,PRD001,1,67.45,1,,0.0,0,0,11.0,3.0,1.0,6.0,5.5,4.434711565216692,6.125,5.514591035218687,supermarket,2,frozen,67.45,0,0.668024689492865,48,11,4,1
2024-10-28,ST005,PRD002,8,1504.56,1,,0.0,0,0,6.0,5.0,7.0,1.0,6.5,1.2909944487358118,5.375,2.326094212561976,supermarket,2,beverage,188.07,1,1.1114940299747902,44,10,4,1
2024-12-02,ST005,PRD002,8,1504.56,1,,0.0,0,0,8.0,6.0,8.0,3.0,6.75,1.5000000000000053,6.25,1.6690459207925685,supermarket,2,beverage,188.07,1,1.1114940299747902,49,12,4,0
2024-12-23,ST005,PRD002,2,376.14,1,,0.0,0,0,8.0,8.0,5.0,7.0,6.75,1.5000000000000053,6.875,1.125991626459614,supermarket,2,beverage,188.07,1,1.1114940299747902,52,12,4,0
2024-07-01,ST005,PRD003,1,174.02,1,,0.0,0,0,2.0,7.0,4.0,2.0,3.75,2.362907813126304,4.0,1.9272482233188732,supermarket,2,personal_care,174.02,2,1.444002778326526,27,7,3,0
2024-07-15,ST005,PRD003,4,696.08,1,,0.0,0,0,1.0,2.0,2.0,6.0,3.0,2.70801280154532,3.875,2.1001700611413177,supermarket,2,personal_care,174.02,2,1.444002778326526,29,7,3,0
2024-08-05,ST005,PRD003,8,1392.16,1,,0.0,0,0,4.0,1.0,7.0,5.0,3.5,2.6457513110645907,3.625,1.9226098333849777,supermarket,2,personal_care,174.02,2,1.444002778326526,32,8,3,0
2024-08-12,ST005,PRD003,1,174.02,1,,0.0,0,0,8.0,4.0,2.0,4.0,3.75,3.095695936834452,4.0,2.449489742783186,supermarket,2,personal_care,174.02,2,1.444002778326526,33,8,3,0
2024-08-19,ST005,PRD003,5,870.1,1,,0.0,0,0,1.0,8.0,1.0,4.0,3.5,3.3166247903554,3.625,2.6692695630078354,supermarket,2,personal_care,174.02,2,1.444002778326526,34,8,3,0
2024-10-28,ST005,PRD003,4,696.08,1,,0.0,0,0,5.0,1.0,4.0,2.0,4.5,2.886751345948129,3.75,2.712405363721082,supermarket,2,personal_care,174.02,2,1.444002778326526,44,10,4,1
2024-10-21,ST005,PRD005,1,35.43,1,,0.0,0,0,6.0,1.0,7.0,9.0,5.5,3.109126351029605,5.875,2.5319388392523057,supermarket,2,cleaning,35.43,4,0.2708725541287471,43,10,4,0
2024-12-09,ST005,PRD005,8,283.44,1,,0.0,0,0,1.0,6.0,8.0,5.0,4.0,3.5590260840104366,4.875,2.6958963523950943,supermarket,2,cleaning,35.43,4,0.2708725541287471,50,12,4,0
2024-12-02,ST005,PRD006,9,1027.3500000000001,1,,0.0,0,0,5.0,8.0,1.0,2.0,5.0,2.9439202887759492,3.875,2.6958963523950956,supermarket,2,personal_care,114.15,2,0.9472067414433567,49,12,4,0
2024-08-05,ST005,PRD007,8,176.0,1,,0.0,0,0,4.0,12.0,5.0,13.0,6.5,3.696845502136473,6.75,3.845219666769937,supermarket,2,dairy,22.0,3,0.17568065161550783,32,8,3,0
2024-08-26,ST005,PRD007,7,154.0,1,,0.0,0,0,8.0,4.0,5.0,2.0,7.25,3.593976442141305,6.125,2.9970223317724676,supermarket,2,dairy,22.0,3,0.17568065161550783,35,8,3,1
2024-09-23,ST005,PRD007,8,176.0,1,,0.0,0,0,7.0,8.0,12.0,7.0,7.75,3.3040379335998358,6.75,2.492846909516454,supermarket,2,dairy,22.0,3,0.17568065161550783,39,9,3,0
2024-10-14,ST005,PRD007,4,88.0,1,,0.0,0,0,8.0,7.0,4.0,6.0,6.75,1.8929694486000923,6.875,2.5319388392523043,supermarket,2,dairy,22.0,3,0.17568065161550783,42,10,4,0
2024-10-28,ST005,PRD007,12,264.0,2,,0.0,0,0,4.0,8.0,8.0,5.0,6.75,1.8929694486000923,6.625,2.7222627143085045,supermarket,2,dairy,22.0,3,0.17568065161550783,44,10,4,1
2024-11-04,ST005,PRD007,5,110.0,1,,0.0,0,0,12.0,4.0,7.0,5.0,7.75,3.3040379335998358,7.5,3.2071349029490954,supermarket,2,dairy,22.0,3,0.17568065161550783,45,11,4,0
2024-12-09,ST005,PRD007,3,66.0,1,,0.0,0,0,5.0,12.0,8.0,12.0,7.25,3.593976442141305,7.5,3.2071349029490954,supermarket,2,dairy,22.0,3,0.17568065161550783,50,12,4,0
2024-12-16,ST005,PRD007,2,44.0,1,,0.0,0,0,3.0,5.0,4.0,4.0,6.0,4.08248290463863,6.375,2.973093626895348,supermarket,2,dairy,22.0,3,0.17568065161550783,51,12,4,0
2024-11-18,ST005,PRD010,9,191.16,1,,0.0,0,0,1.0,5.0,9.0,7.0,4.75,3.3040379335998358,5.375,2.559994419636779,supermarket,2,cleaning,21.24,4,0.16238591729310156,47,11,4,0
2024-12-23,ST005,PRD010,7,148.67999999999998,1,,0.0,0,0,9.0,1.0,4.0,5.0,4.75,3.3040379335998358,5.625,2.825268634509448,supermarket,2,cleaning,21.24,4,0.16238591729310156,52,12,4,0
2024-09-30,ST005,PRD012,8,1341.76,2,,0.0,0,0,6.0,2.0,2.0,6.0,3.5,1.9148542155126764,4.625,2.973093626895348,supermarket,2,beverage,167.72,1,0.9912254942700688,40,9,3,1
2024-10-21,ST005,PRD012,6,1006.3199999999999,1,,0.0,0,0,8.0,6.0,4.0,6.0,5.0,2.5819888974716116,4.875,3.181980515339467,supermarket,2,beverage,167.72,1,0.9912254942700688,43,10,4,0
2024-11-25,ST005,PRD012,6,1006.3199999999999,2,,0.0,0,0,6.0,8.0,2.0,1.0,5.5,2.5166114784235836,4.875,3.181980515339467,supermarket,2,beverage,167.72,1,0.9912254942700688,48,11,4,1
2024-12-16,ST005,PRD012,5,838.6,1,,0.0,0,0,6.0,6.0,6.0,10.0,6.5,1.0000000000000002,5.5,2.777460299317658,supermarket,2,beverage,167.72,1,0.9912254942700688,51,12,4,0
2024-06-17,ST005,PRD013,9,1287.54,2,,0.0,0,0,11.0,8.0,7.0,5.0,7.25,3.304037933599835,4.75,3.65474251584744,supermarket,2,cleaning,143.06,4,1.093734902445909,25,6,2,0
2024-07-15,ST005,PRD013,2,286.12,1,,0.0,0,0,9.0,11.0,3.0,1.0,7.75,3.4034296427770228,5.25,3.9551051999734677,supermarket,2,cleaning,143.06,4,1.093734902445909,29,7,3,0
2024-08-19,ST005,PRD013,5,715.3,1,,0.0,0,0,2.0,9.0,8.0,2.0,7.5,3.872983346207417,5.375,3.814914340921883,supermarket,2,cleaning,143.06,4,1.093734902445909,34,8,3,0
2024-09-02,ST005,PRD013,7,1001.4200000000001,1,,0.0,0,0,5.0,2.0,11.0,1.0,6.75,4.031128874149275,5.75,3.5757117173668105,supermarket,2,cleaning,143.06,4,1.093734902445909,36,9,3,0
2024-10-07,ST005,PRD013,5,715.3,1,,0.0,0,0,7.0,5.0,9.0,7.0,5.75,2.9860788111948193,6.5,3.023715784073821,supermarket,2,cleaning,143.06,4,1.093734902445909,41,10,4,0
2024-12-16,ST005,PRD013,11,1573.66,1,,0.0,0,0,5.0,7.0,2.0,3.0,4.75,2.0615528128088303,6.25,3.058944729337697,supermarket,2,cleaning,143.06,4,1.093734902445909,51,12,4,0
2024-08-19,ST005,PRD014,13,868.3999999999999,2,,0.0,0,0,4.0,6.0,7.0,5.0,6.25,1.707825127659933,5.875,1.7268882005338027,supermarket,2,snack,66.8,5,0.8352695278668196,34,8,3,0
2024-09-09,ST005,PRD014,1,66.8,1,,0.0,0,0,13.0,4.0,8.0,7.0,7.75,3.8622100754188224,6.875,2.9970223317724667,supermarket,2,snack,66.8,5,0.8352695278668196,37,9,3,0
2024-11-25,ST005,PRD014,13,868.4,1,,0.0,0,0,1.0,13.0,6.0,3.0,6.0,5.0990195135927845,6.125,3.642506985972321,supermarket,2,snack,66.8,5,0.8352695278668196,48,11,4,1
2024-12-30,ST005,PRD014,2,133.6,1,,0.0,0,0,13.0,1.0,4.0,7.0,7.75,6.18465843842649,7.375,4.103569874424673,supermarket,2,snack,66.8,5,0.8352695278668196,1,12,4,1
2024-10-28,ST005,PRD015,5,767.4,1,,0.0,0,0,14.0,2.0,7.0,8.0,7.25,4.9916597106239795,5.75,4.026696625558689,supermarket,2,dairy,153.48,3,1.2256121095430972,44,10,4,1
2024-12-30,ST005,PRD015,6,920.8799999999999,1,,0.0,0,0,5.0,14.0,6.0,3.0,6.75,5.123475382979799,5.375,3.9256482631171004,supermarket,2,dairy,153.48,3,1.2256121095430972,1,12,4,1
2024-08-26,ST005,PRD016,1,205.22,1,,0.0,0,0,11.0,4.0,2.0,19.0,4.75,4.272001872658766,6.75,5.700877125495692,supermarket,2,beverage,205.22,1,1.2128505600650101,35,8,3,1
2024-09-02,ST005,PRD016,6,1231.32,1,,0.0,0,0,1.0,11.0,2.0,6.0,4.5,4.509249752822895,4.5,3.162277660168386,supermarket,2,beverage,205.22,1,1.2128505600650101,36,9,3,0
2024-10-07,ST005,PRD016,1,205.22,1,,0.0,0,0,6.0,1.0,4.0,5.0,5.5,4.203173404306165,4.5,3.162277660168386,supermarket,2,beverage,205.22,1,1.2128505600650101,41,10,4,0
2024-10-14,ST005,PRD016,5,1026.1,1,,0.0,0,0,1.0,6.0,11.0,5.0,4.75,4.787135538781691,4.0,3.3806170189140734,supermarket,2,beverage,205.22,1,1.2128505600650101,42,10,4,0
2024-11-18,ST005,PRD016,4,820.88,1,,0.0,0,0,5.0,1.0,1.0,2.0,3.25,2.6299556396765853,4.0,3.3806170189140734,supermarket,2,beverage,205.22,1,1.2128505600650101,47,11,4,0
2024-11-25,ST005,PRD016,6,1231.32,1,,0.0,0,0,4.0,5.0,6.0,2.0,4.0,2.1602468994692887,4.25,3.2841611235921926,supermarket,2,beverage,205.22,1,1.2128505600650101,48,11,4,1
2024-10-21,ST005,PRD018,9,1839.33,1,,0.0,0,0,1.0,2.0,8.0,1.0,4.75,3.774917217635375,5.125,3.72011904571423,supermarket,2,beverage,204.37,1,1.2078270585736581,43,10,4,0
2024-11-11,ST005,PRD018,2,408.74,1,,0.0,0,0,9.0,1.0,8.0,6.0,5.0,4.08248290463863,6.125,3.522884370187917,supermarket,2,beverage,204.37,1,1.2078270585736581,46,11,4,0
2024-11-18,ST005,PRD018,5,1021.85,1,,0.0,0,0,2.0,9.0,2.0,11.0,3.5,3.696845502136472,5.625,3.8149143409218857,supermarket,2,beverage,204.37,1,1.2078270585736581,47,11,4,0
2024-12-02,ST005,PRD018,6,1226.22,2,,0.0,0,0,5.0,2.0,1.0,4.0,4.25,3.593976442141304,4.875,3.136763573220933,supermarket,2,beverage,204.37,1,1.2078270585736581,49,12,4,0
2024-12-16,ST005,PRD018,5,1021.85,1,,0.0,0,0,6.0,5.0,9.0,8.0,5.5,2.886751345948129,5.125,3.1367635732209327,supermarket,2,beverage,204.37,1,1.2078270585736581,51,12,4,0
2024-12-23,ST005,PRD018,3,613.11,1,,0.0,0,0,5.0,6.0,2.0,8.0,4.5,1.7320508075688772,4.75,2.915475947422657,supermarket,2,beverage,204.37,1,1.2078270585736581,52,12,4,0
2024-12-16,ST005,PRD019,1,179.06,1,,0.0,0,0,6.0,8.0,10.0,1.0,7.25,2.2173557826083443,6.25,3.3700360320244185,supermarket,2,frozen,179.06,0,1.773409946635914,51,12,4,0
2024-12-09,ST005,PRD020,1,94.96,1,,0.0,0,0,9.0,8.0,11.0,5.0,8.25,2.5,6.875,2.2951812875799518,supermarket,2,dairy,94.96,3,0.7583015762458465,50,12,4,0
2024-08-05,ST005,PRD023,3,282.29999999999995,1,,0.0,0,0,3.0,3.0,3.0,5.0,2.75,0.5000000000000074,4.375,3.2486260832191007,supermarket,2,dairy,94.1,3,0.751434059864513,32,8,3,0
2024-07-22,ST005,PRD024,18,662.3999999999999,2,,0.0,0,0,9.0,9.0,4.0,1.0,7.25,2.362907813126304,5.875,3.7583240945932315,supermarket,2,snack,36.8,5,0.4601484824176491,30,7,3,0
2024-08-26,ST005,PRD024,6,220.79999999999998,1,,0.0,0,0,18.0,9.0,7.0,5.0,10.75,4.924428900898052,8.0,5.154748157905349,supermarket,2,snack,36.8,5,0.4601484824176491,35,8,3,1
2024-09-16,ST005,PRD024,3,110.39999999999999,1,,0.0,0,0,6.0,18.0,9.0,11.0,10.5,5.196152422706631,8.125,5.083235752381127,supermarket,2,snack,36.8,5,0.4601484824176491,38,9,3,0
2024-09-30,ST005,PRD024,7,257.59999999999997,1,,0.0,0,0,3.0,6.0,9.0,1.0,9.0,6.4807406984078595,7.125,5.221863378417437,supermarket,2,snack,36.8,5,0.4601484824176491,40,9,3,1
2024-12-16,ST005,PRD024,6,220.79999999999998,1,,0.0,0,0,7.0,3.0,18.0,4.0,8.5,6.557438524302,7.875,4.61170870099762,supermarket,2,snack,36.8,5,0.4601484824176491,51,12,4,0
2024-07-01,ST005,PRD026,8,1713.28,1,,0.0,0,0,4.0,8.0,4.0,2.0,4.75,2.2173557826083456,5.0,2.5634797778466303,supermarket,2,dairy,214.16,3,1.7101712886353253,27,7,3,0
2024-08-05,ST005,PRD026,7,1499.12,1,,0.0,0,0,8.0,4.0,3.0,8.0,5.75,2.6299556396765835,5.75,2.4348657927227655,supermarket,2,dairy,214.16,3,1.7101712886353253,32,8,3,0
2024-09-09,ST005,PRD026,4,856.64,1,,0.0,0,0,7.0,8.0,8.0,3.0,6.75,1.892969448600091,5.625,2.326094212561976,supermarket,2,dairy,214.16,3,1.7101712886353253,37,9,3,0
2024-09-23,ST005,PRD026,9,1927.44,2,,0.0,0,0,4.0,7.0,4.0,8.0,5.75,2.0615528128088303,5.75,2.1876275473019438,supermarket,2,dairy,214.16,3,1.7101712886353253,39,9,3,0
2024-11-04,ST005,PRD026,5,1070.8,1,,0.0,0,0,9.0,4.0,8.0,4.0,7.0,2.160246899469286,5.875,2.3566016694748098,supermarket,2,dairy,214.16,3,1.7101712886353253,45,11,4,0
2024-05-06,ST005,PRD027,6,941.28,1,,0.0,0,0,2.0,2.0,7.0,6.0,4.75,3.2015621187164247,5.25,2.492846909516457,supermarket,2,snack,156.88,5,1.9616329870021956,19,5,2,0
2024-05-27,ST005,PRD027,4,627.52,1,,0.0,0,0,6.0,2.0,8.0,7.0,4.5,3.0000000000000004,5.25,2.492846909516457,supermarket,2,snack,156.88,5,1.9616329870021956,22,5,2,1
2024-06-24,ST005,PRD027,15,2353.2,2,,0.0,0,0,4.0,6.0,2.0,7.0,3.5,1.9148542155126775,4.875,2.416461403433904,supermarket,2,snack,156.88,5,1.9616329870021956,26,6,2,1
2024-08-05,ST005,PRD027,2,313.76,1,,0.0,0,0,15.0,4.0,2.0,3.0,6.75,5.7373048260195025,5.875,4.323936698360489,supermarket,2,snack,156.88,5,1.9616329870021956,32,8,3,0
2024-08-12,ST005,PRD027,6,941.28,1,,0.0,0,0,2.0,15.0,6.0,7.0,6.75,5.737304826019502,5.75,4.432026302139596,supermarket,2,snack,156.88,5,1.9616329870021956,33,8,3,0
2024-09-02,ST005,PRD027,2,313.76,1,,0.0,0,0,6.0,2.0,4.0,8.0,6.75,5.737304826019502,5.625,4.405759217855001,supermarket,2,snack,156.88,5,1.9616329870021956,36,9,3,0
2024-11-04,ST005,PRD027,5,784.4,1,,0.0,0,0,2.0,6.0,15.0,2.0,6.25,6.13052471924984,4.875,4.454131308603929,supermarket,2,snack,156.88,5,1.9616329870021956,45,11,4,0
2024-12-09,ST005,PRD027,2,313.76,1,,0.0,0,0,5.0,2.0,2.0,2.0,3.75,2.0615528128088303,5.25,4.301162633521318,supermarket,2,snack,156.88,5,1.9616329870021956,50,12,4,0
2024-06-24,ST005,PRD028,13,2660.84,1,,0.0,0,0,4.0,3.0,6.0,7.0,5.5,2.6457513110645916,5.625,2.8252686345094506,supermarket,2,cleaning,204.68,4,1.5648375495080993,26,6,2,1
2024-10-07,ST005,PRD028,1,204.68,1,,0.0,0,0,13.0,4.0,9.0,6.0,7.25,4.645786621588786,6.375,3.85217934606967,supermarket,2,cleaning,204.68,4,1.5648375495080993,41,10,4,0
2024-11-18,ST005,PRD028,2,409.36,1,,0.0,0,0,1.0,13.0,3.0,1.0,5.25,5.315072906367325,5.75,4.301162633521318,supermarket,2,cleaning,204.68,4,1.5648375495080993,47,11,4,0
2024-12-09,ST005,PRD028,6,1228.08,1,,0.0,0,0,2.0,1.0,4.0,9.0,5.0,5.477225575051661,5.875,4.155461122770514,supermarket,2,cleaning,204.68,4,1.5648375495080993,50,12,4,0
2024-12-23,ST005,PRD028,6,1228.08,1,,0.0,0,0,6.0,2.0,13.0,6.0,5.5,5.446711546122731,5.5,3.964124835860464,supermarket,2,cleaning,204.68,4,1.5648375495080993,52,12,4,0
2024-07-22,ST005,PRD030,8,1128.08,1,,0.0,0,0,13.0,5.0,3.0,8.0,7.75,4.5734742446707495,5.875,4.051013982414073,supermarket,2,cleaning,141.01,4,1.078062062029202,30,7,3,0
2024-07-29,ST005,PRD030,5,705.05,1,,0.0,0,0,8.0,13.0,10.0,4.0,9.0,3.366501646120696,5.875,4.051013982414073,supermarket,2,cleaning,141.01,4,1.078062062029202,31,7,3,1
2024-08-12,ST005,PRD030,2,282.02,1,,0.0,0,0,5.0,8.0,5.0,2.0,7.75,3.774917217635377,6.0,4.000000000000004,supermarket,2,cleaning,141.01,4,1.078062062029202,33,8,3,0
2024-08-19,ST005,PRD030,7,987.0699999999999,1,,0.0,0,0,2.0,5.0,13.0,2.0,7.0,4.690415759823431,6.0,4.000000000000004,supermarket,2,cleaning,141.01,4,1.078062062029202,34,8,3,0
2024-11-04,ST005,PRD030,8,1128.08,1,,0.0,0,0,7.0,2.0,8.0,3.0,5.5,2.645751311064591,6.625,3.66206421103103,supermarket,2,cleaning,141.01,4,1.078062062029202,45,11,4,0
2024-12-02,ST005,PRD030,8,1128.08,1,,0.0,0,0,8.0,7.0,5.0,10.0,5.5,2.645751311064591,7.25,3.3700360320244185,supermarket,2,cleaning,141.01,4,1.078062062029202,49,12,4,0
2024-12-23,ST005,PRD030,6,846.06,1,,0.0,0,0,8.0,8.0,2.0,5.0,6.25,2.872281323269015,7.0,3.2071349029490976,supermarket,2,cleaning,141.01,4,1.078062062029202,52,12,4,0
2024-11-18,ST006,PRD001,3,202.35000000000002,1,,0.0,0,0,7.0,7.0,7.0,11.0,6.5,1.0000000000000007,8.125,3.2705394924123135,convenience,1,frozen,67.45,0,0.668024689492865,47,11,4,0
2024-12-02,ST006,PRD001,5,337.25,1,,0.0,0,0,3.0,7.0,5.0,6.0,5.5,1.9148542155126764,7.125,3.4820970692960334,convenience,1,frozen,67.45,0,0.668024689492865,49,12,4,0
2024-12-09,ST006,PRD001,6,404.70000000000005,1,,0.0,0,0,5.0,3.0,7.0,15.0,5.5,1.9148542155126764,7.0,3.545621041711677,convenience,1,frozen,67.45,0,0.668024689492865,50,12,4,0
2024-08-19,ST006,PRD002,7,1316.4899999999998,2,,0.0,0,0,7.0,8.0,2.0,6.0,7.0,3.7416573867739413,6.5,2.725540575476993,convenience,1,beverage,188.07,1,1.1114940299747902,34,8,3,0
2024-11-11,ST006,PRD002,6,1128.42,1,,0.0,0,0,7.0,7.0,11.0,6.0,8.25,1.8929694486000914,6.625,2.722262714308506,convenience,1,beverage,188.07,1,1.1114940299747902,46,11,4,0
2024-11-25,ST006,PRD002,19,3573.33,2,,0.0,0,0,6.0,7.0,8.0,4.0,7.0,0.8164965809277266,6.625,2.722262714308506,convenience,1,beverage,188.07,1,1.1114940299747902,48,11,4,1
2024-12-02,ST006,PRD002,4,752.28,1,,0.0,0,0,19.0,6.0,7.0,8.0,9.75,6.18465843842649,8.5,4.928053803045813,convenience,1,beverage,188.07,1,1.1114940299747902,49,12,4,0
2024-12-09,ST006,PRD002,7,1316.49,1,,0.0,0,0,4.0,19.0,7.0,2.0,9.0,6.782329983125268,8.0,5.182387756347732,convenience,1,beverage,188.07,1,1.1114940299747902,50,12,4,0
2024-08-05,ST006,PRD003,6,1044.1200000000001,1,,0.0,0,0,2.0,5.0,1.0,13.0,3.0,1.8257418583505545,4.75,3.770183777256191,convenience,1,personal_care,174.02,2,1.444002778326526,32,8,3,0
2024-09-02,ST006,PRD003,7,1218.14,1,,0.0,0,0,6.0,2.0,4.0,6.0,4.25,1.7078251276599334,3.875,1.9594095320493279,convenience,1,personal_care,174.02,2,1.444002778326526,36,9,3,0
2024-09-09,ST006,PRD003,3,522.0600000000001,1,,0.0,0,0,7.0,6.0,5.0,5.0,5.0,2.1602468994692865,4.0,2.1380899352994067,convenience,1,personal_care,174.02,2,1.444002778326526,37,9,3,0
2024-12-16,ST006,PRD003,2,348.04,1,,0.0,0,0,3.0,7.0,2.0,2.0,4.5,2.3804761428476167,3.75,2.121320343559655,convenience,1,personal_care,174.02,2,1.444002778326526,51,12,4,0
2024-07-01,ST006,PRD004,4,898.64,1,,0.0,0,0,4.0,5.0,2.0,6.0,3.5,1.2909944487358065,3.25,1.8322507626258235,convenience,1,dairy,224.66,3,1.7940188723609085,27,7,3,0
2024-08-12,ST006,PRD004,7,1572.62,1,,0.0,0,0,4.0,4.0,3.0,1.0,4.0,0.8164965809277264,3.0,1.5118578920369274,convenience,1,dairy,224.66,3,1.7940188723609085,33,8,3,0
2024-09-23,ST006,PRD004,2,449.32,1,,0.0,0,0,7.0,4.0,5.0,4.0,5.0,1.4142135623730936,3.75,1.832250762625823,convenience,1,dairy,224.66,3,1.7940188723609085,39,9,3,0
2024-10-14,ST006,PRD004,4,629.04,1,PROMO006,0.3,1,1,2.0,7.0,4.0,1.0,4.25,2.0615528128088303,3.5,1.9272482233188772,convenience,1,dairy,224.66,3,1.7940188723609085,42,10,4,0
2024-11-04,ST006,PRD004,1,224.66,1,,0.0,0,0,4.0,2.0,4.0,2.0,4.25,2.0615528128088303,3.875,1.6420805617961085,convenience,1,dairy,224.66,3,1.7940188723609085,45,11,4,0
2024-06-24,ST006,PRD006,10,1141.5,1,,0.0,0,0,5.0,8.0,1.0,5.0,5.75,3.5939764421413036,5.625,4.533604683755684,convenience,1,personal_care,114.15,2,0.9472067414433567,26,6,2,1
2024-09-09,ST006,PRD006,5,570.75,1,,0.0,0,0,10.0,5.0,9.0,2.0,8.0,2.160246899469284,6.25,4.773438413315325,convenience,1,personal_care,114.15,2,0.9472067414433567,37,9,3,0
2024-09-16,ST006,PRD006,8,913.2,1,,0.0,0,0,5.0,10.0,8.0,14.0,7.0,2.4494897427831765,6.625,4.5019836897591246,convenience,1,personal_care,114.15,2,0.9472067414433567,38,9,3,0
2024-10-21,ST006,PRD006,11,1255.65,1,,0.0,0,0,8.0,5.0,5.0,1.0,7.0,2.4494897427831765,5.875,3.482097069296036,convenience,1,personal_care,114.15,2,0.9472067414433567,43,10,4,0
2024-11-11,ST006,PRD006,5,570.75,1,,0.0,0,0,11.0,8.0,10.0,1.0,8.5,2.6457513110645876,7.125,3.2705394924123157,convenience,1,personal_care,114.15,2,0.9472067414433567,46,11,4,0
2024-11-25,ST006,PRD006,8,913.2,1,,0.0,0,0,5.0,11.0,5.0,9.0,7.25,2.872281323269013,7.625,2.3867192066576672,convenience,1,personal_care,114.15,2,0.9472067414433567,48,11,4,1
2024-09-30,ST006,PRD007,9,198.0,1,,0.0,0,0,8.0,3.0,8.0,5.0,5.0,3.559026084010437,4.625,2.445841952609144,convenience,1,dairy,22.0,3,0.17568065161550783,40,9,3,1
2024-10-21,ST006,PRD007,5,110.0,1,,0.0,0,0,9.0,8.0,1.0,4.0,5.25,3.8622100754188224,5.125,2.90012315009455,convenience,1,dairy,22.0,3,0.17568065161550783,43,10,4,0
2024-12-02,ST006,PRD007,4,88.0,1,,0.0,0,0,5.0,9.0,3.0,3.0,6.25,2.753785273643051,5.25,2.866057521105563,convenience,1,dairy,22.0,3,0.17568065161550783,49,12,4,0
2024-08-19,ST006,PRD008,7,464.65999999999997,1,,0.0,0,0,7.0,7.0,4.0,3.0,5.75,1.5000000000000007,5.0,1.9272482233188766,convenience,1,personal_care,66.38,2,0.5508154489444591,34,8,3,0
2024-10-14,ST006,PRD008,13,862.9399999999999,2,,0.0,0,0,7.0,7.0,5.0,5.0,6.5,1.0000000000000009,5.5,1.8516401995451162,convenience,1,personal_care,66.38,2,0.5508154489444591,42,10,4,0
2024-11-25,ST006,PRD009,3,401.28,1,,0.0,0,0,2.0,7.0,5.0,8.0,5.0,2.160246899469287,7.0,2.927700218845606,convenience,1,snack,133.76,5,1.6725397013093681,48,11,4,1
2024-12-09,ST006,PRD009,7,936.3199999999999,2,,0.0,0,0,3.0,2.0,6.0,9.0,4.5,2.3804761428476167,6.375,3.204349722308285,convenience,1,snack,133.76,5,1.6725397013093681,50,12,4,0
2024-09-02,ST006,PRD010,3,63.72,1,,0.0,0,0,1.0,3.0,3.0,4.0,2.75,1.2583057392117918,3.375,1.1877349391654455,convenience,1,cleaning,21.24,4,0.16238591729310156,36,9,3,0
2024-09-16,ST006,PRD010,6,127.44,1,,0.0,0,0,3.0,1.0,4.0,3.0,2.75,1.2583057392117918,3.25,1.1649647450214604,convenience,1,cleaning,21.24,4,0.16238591729310156,38,9,3,0
2024-10-21,ST006,PRD010,1,21.24,1,,0.0,0,0,6.0,3.0,3.0,4.0,3.25,2.0615528128088303,3.625,1.5059406173077343,convenience,1,cleaning,21.24,4,0.16238591729310156,43,10,4,0
2024-11-11,ST006,PRD010,9,191.16,1,,0.0,0,0,1.0,6.0,1.0,5.0,2.75,2.362907813126304,3.25,1.752549163769345,convenience,1,cleaning,21.24,4,0.16238591729310156,46,11,4,0
2024-11-18,ST006,PRD010,9,191.16,1,,0.0,0,0,9.0,1.0,3.0,3.0,4.75,3.5,3.75,2.6592157812837653,convenience,1,cleaning,21.24,4,0.16238591729310156,47,11,4,0
2024-11-25,ST006,PRD010,7,148.67999999999998,2,,0.0,0,0,9.0,9.0,6.0,4.0,6.25,3.774917217635375,4.5,3.2071349029491003,convenience,1,cleaning,21.24,4,0.16238591729310156,48,11,4,1
2024-12-09,ST006,PRD010,4,84.96,1,,0.0,0,0,7.0,9.0,1.0,3.0,6.5,3.7859388972001824,4.875,3.31393163133202,convenience,1,cleaning,21.24,4,0.16238591729310156,50,12,4,0
2024-12-23,ST006,PRD010,8,169.92,1,,0.0,0,0,4.0,7.0,9.0,1.0,7.25,2.362907813126304,5.0,3.251373336211734,convenience,1,cleaning,21.24,4,0.16238591729310156,52,12,4,0
2024-10-07,ST006,PRD011,8,493.84,1,,0.0,0,0,7.0,11.0,4.0,2.0,7.0,2.943920288775949,4.875,3.136763573220934,convenience,1,beverage,61.73,1,0.3648244083072463,41,10,4,0
2024-10-28,ST006,PRD011,1,61.73,1,,0.0,0,0,8.0,7.0,6.0,2.0,8.0,2.160246899469287,5.625,3.067688753070352,convenience,1,beverage,61.73,1,0.3648244083072463,44,10,4,1
2024-11-25,ST006,PRD011,13,802.49,1,,0.0,0,0,1.0,8.0,11.0,5.0,6.75,4.193248541803041,5.5,3.2513733362117327,convenience,1,beverage,61.73,1,0.3648244083072463,48,11,4,1
2024-12-09,ST006,PRD011,4,246.92,1,,0.0,0,0,13.0,1.0,7.0,2.0,7.25,4.924428900898052,6.5,4.174754056057849,convenience,1,beverage,61.73,1,0.3648244083072463,50,12,4,0
2024-12-16,ST006,PRD011,2,123.46,1,,0.0,0,0,4.0,13.0,8.0,4.0,6.5,5.196152422706632,6.75,3.918819064098634,convenience,1,beverage,61.73,1,0.3648244083072463,51,12,4,0
2024-12-02,ST006,PRD013,8,1144.48,1,,0.0,0,0,2.0,6.0,4.0,8.0,3.5,1.9148542155126729,5.0,3.891382420536074,convenience,1,cleaning,143.06,4,1.093734902445909,49,12,4,0
2024-12-16,ST006,PRD013,7,1001.4200000000001,1,,0.0,0,0,8.0,2.0,2.0,3.0,4.5,2.999999999999998,5.0,3.891382420536074,convenience,1,cleaning,143.06,4,1.093734902445909,51,12,4,0
2024-10-07,ST006,PRD014,6,400.79999999999995,1,,0.0,0,0,4.0,6.0,2.0,6.0,4.0,1.6329931618554483,5.625,2.8252686345094524,convenience,1,snack,66.8,5,0.8352695278668196,41,10,4,0
2024-11-11,ST006,PRD014,1,66.8,1,,0.0,0,0,6.0,4.0,4.0,11.0,5.0,1.154700538379246,5.625,2.8252686345094524,convenience,1,snack,66.8,5,0.8352695278668196,46,11,4,0
2024-11-18,ST006,PRD014,2,133.6,1,,0.0,0,0,1.0,6.0,6.0,8.0,4.25,2.3629078131263017,4.375,2.2638462845343663,convenience,1,snack,66.8,5,0.8352695278668196,47,11,4,0
2024-09-02,ST006,PRD015,1,153.48,1,,0.0,0,0,4.0,8.0,8.0,5.0,5.5,2.9999999999999987,5.75,3.7321001364609008,convenience,1,dairy,153.48,3,1.2256121095430972,36,9,3,0
2024-12-09,ST006,PRD015,1,153.48,1,,0.0,0,0,1.0,4.0,2.0,4.0,3.75,3.09569593683445,5.25,4.097037257057145,convenience,1,dairy,153.48,3,1.2256121095430972,50,12,4,0
2024-12-16,ST006,PRD015,7,1074.36,1,,0.0,0,0,1.0,1.0,8.0,2.0,3.5,3.3166247903553985,4.875,4.356850107261312,convenience,1,dairy,153.48,3,1.2256121095430972,51,12,4,0
2024-10-14,ST006,PRD016,8,1641.76,1,,0.0,0,0,1.0,5.0,8.0,2.0,5.5,3.3166247903554,5.25,4.131758532565597,convenience,1,beverage,205.22,1,1.2128505600650101,42,10,4,0
2024-07-08,ST006,PRD017,1,16.53,1,,0.0,0,0,1.0,8.0,3.0,10.0,5.5,4.203173404306164,6.5,3.3806170189140725,convenience,1,snack,16.53,5,0.20669169604249296,28,7,3,0
2024-09-02,ST006,PRD017,8,132.24,1,,0.0,0,0,1.0,1.0,10.0,4.0,5.0,4.69041575982343,5.375,3.543101950067409,convenience,1,snack,16.53,5,0.20669169604249296,36,9,3,0
2024-09-16,ST006,PRD017,1,16.53,1,,0.0,0,0,8.0,1.0,8.0,8.0,4.5,4.041451884327381,5.875,3.603074084326175,convenience,1,snack,16.53,5,0.20669169604249296,38,9,3,0
2024-09-30,ST006,PRD017,3,49.59,1,,0.0,0,0,1.0,8.0,1.0,8.0,2.75,3.5000000000000004,5.0,3.8544964466377323,convenience,1,snack,16.53,5,0.20669169604249296,40,9,3,1
2024-10-14,ST006,PRD017,4,66.12,1,,0.0,0,0,3.0,1.0,1.0,3.0,3.25,3.3040379335998353,4.375,3.700868623908261,convenience,1,snack,16.53,5,0.20669169604249296,42,10,4,0
2024-10-21,ST006,PRD017,2,33.06,1,,0.0,0,0,4.0,3.0,8.0,10.0,4.0,2.9439202887759492,4.5,3.6645015252516244,convenience,1,snack,16.53,5,0.20669169604249296,43,10,4,0
2024-10-28,ST006,PRD017,3,49.59,1,,0.0,0,0,2.0,4.0,1.0,8.0,2.5,1.2909944487358074,3.5,2.9760952365713895,convenience,1,snack,16.53,5,0.20669169604249296,44,10,4,1
2024-11-25,ST006,PRD017,1,16.53,1,,0.0,0,0,3.0,2.0,3.0,1.0,3.0,0.8164965809277279,2.875,2.3566016694748164,convenience,1,snack,16.53,5,0.20669169604249296,48,11,4,1
2024-12-02,ST006,PRD018,4,817.48,1,,0.0,0,0,4.0,2.0,5.0,6.0,3.25,1.5000000000000013,3.625,2.199837656347798,convenience,1,beverage,204.37,1,1.2078270585736581,49,12,4,0
2024-12-23,ST006,PRD018,9,1839.33,1,,0.0,0,0,4.0,4.0,2.0,1.0,3.0,1.1547005383792537,3.375,1.9955307206713,convenience,1,beverage,204.37,1,1.2078270585736581,52,12,4,0
2024-10-28,ST006,PRD019,8,1432.48,1,,0.0,0,0,8.0,6.0,7.0,2.0,5.5,3.1091263510296048,3.75,2.8157719063467277,convenience,1,frozen,179.06,0,1.773409946635914,44,10,4,1
2024-11-25,ST006,PRD019,1,179.06,1,,0.0,0,0,8.0,8.0,1.0,2.0,5.75,3.304037933599835,4.5,3.070597894314962,convenience,1,frozen,179.06,0,1.773409946635914,48,11,4,1
2024-12-09,ST006,PRD019,6,1074.3600000000001,1,,0.0,0,0,1.0,8.0,6.0,1.0,5.75,3.304037933599835,4.375,3.204349722308287,convenience,1,frozen,179.06,0,1.773409946635914,50,12,4,0
2024-10-21,ST006,PRD020,4,379.84,1,,0.0,0,0,7.0,2.0,7.0,6.0,4.5,2.886751345948129,5.375,2.3867192066576703,convenience,1,dairy,94.96,3,0.7583015762458465,43,10,4,0
2024-11-04,ST006,PRD020,4,379.84,1,,0.0,0,0,4.0,7.0,2.0,8.0,3.75,2.362907813126304,5.125,2.4164614034339067,convenience,1,dairy,94.96,3,0.7583015762458465,45,11,4,0
2024-11-25,ST006,PRD020,8,759.68,1,,0.0,0,0,4.0,4.0,2.0,4.0,4.25,2.06155281280883,4.625,2.133909892327107,convenience,1,dairy,94.96,3,0.7583015762458465,48,11,4,1
2024-12-09,ST006,PRD020,9,854.64,1,,0.0,0,0,8.0,4.0,7.0,7.0,5.75,2.06155281280883,5.125,2.4164614034339067,convenience,1,dairy,94.96,3,0.7583015762458465,50,12,4,0
2024-11-11,ST006,PRD021,16,824.64,2,,0.0,0,0,7.0,1.0,6.0,6.0,4.0,2.9439202887759492,4.75,3.370036032024422,convenience,1,frozen,51.54,0,0.5104520755591142,46,11,4,0
2024-12-02,ST006,PRD023,6,564.5999999999999,1,,0.0,0,0,9.0,8.0,6.0,7.0,6.25,3.0956959368344528,6.5,4.105745103771407,convenience,1,dairy,94.1,3,0.751434059864513,49,12,4,0
2024-12-23,ST006,PRD024,12,441.59999999999997,2,,0.0,0,0,2.0,9.0,1.0,8.0,3.5,3.6968455021364734,4.375,3.1139088893910545,convenience,1,snack,36.8,5,0.4601484824176491,52,12,4,0
2024-09-09,ST006,PRD025,8,301.84,1,,0.0,0,0,21.0,4.0,3.0,2.0,9.75,8.301606270274847,7.5,6.301927142889366,convenience,1,dairy,37.73,3,0.3012923175205959,37,9,3,0
2024-12-02,ST006,PRD025,15,565.9499999999999,3,,0.0,0,0,8.0,21.0,11.0,8.0,11.0,7.2571803523590805,8.25,5.897941529526577,convenience,1,dairy,37.73,3,0.3012923175205959,49,12,4,0
2024-12-23,ST006,PRD025,10,377.29999999999995,1,,0.0,0,0,15.0,8.0,4.0,3.0,12.0,7.52772652709081,9.125,6.356942211921883,convenience,1,dairy,37.73,3,0.3012923175205959,52,12,4,0
2024-07-08,ST006,PRD027,7,1098.1599999999999,1,,0.0,0,0,4.0,9.0,1.0,6.0,6.25,4.573474244670747,5.875,3.2265638511757833,convenience,1,snack,156.88,5,1.9616329870021956,28,7,3,0
2024-07-29,ST006,PRD027,7,1098.1599999999999,1,,0.0,0,0,7.0,4.0,11.0,3.0,7.75,2.986078811194819,6.0,3.2513733362117283,convenience,1,snack,156.88,5,1.9616329870021956,31,7,3,1
2024-08-05,ST006,PRD027,4,627.52,1,,0.0,0,0,7.0,7.0,9.0,6.0,6.75,2.0615528128088294,6.5,3.023715784073819,convenience,1,snack,156.88,5,1.9616329870021956,32,8,3,0
2024-09-23,ST006,PRD027,1,156.88,1,,0.0,0,0,4.0,7.0,4.0,7.0,5.5,1.732050807568876,6.25,3.1509635714446835,convenience,1,snack,156.88,5,1.9616329870021956,39,9,3,0
2024-09-30,ST006,PRD027,4,627.52,1,,0.0,0,0,1.0,4.0,7.0,1.0,4.75,2.8722813232690134,5.5,3.625307868699865,convenience,1,snack,156.88,5,1.9616329870021956,40,9,3,1
2024-10-21,ST006,PRD027,13,2039.44,2,,0.0,0,0,4.0,1.0,7.0,11.0,4.0,2.449489742783177,5.875,3.2265638511757824,convenience,1,snack,156.88,5,1.9616329870021956,43,10,4,0
2024-10-28,ST006,PRD027,9,1411.92,1,,0.0,0,0,13.0,4.0,4.0,9.0,5.5,5.196152422706631,6.125,3.7201190457142257,convenience,1,snack,156.88,5,1.9616329870021956,44,10,4,1
2024-11-04,ST006,PRD027,6,941.28,1,,0.0,0,0,9.0,13.0,1.0,4.0,6.75,5.315072906367324,6.125,3.7201190457142257,convenience,1,snack,156.88,5,1.9616329870021956,45,11,4,0
2024-12-23,ST006,PRD027,2,313.76,1,,0.0,0,0,6.0,9.0,4.0,7.0,8.0,3.915780041490243,6.375,3.6228441865473604,convenience,1,snack,156.88,5,1.9616329870021956,52,12,4,0
2024-08-05,ST006,PRD029,4,745.96,1,,0.0,0,0,2.0,8.0,10.0,4.0,6.0,3.6514837167011067,5.625,3.5431019500674044,convenience,1,dairy,186.49,3,1.4892129418080025,32,8,3,0
2024-09-02,ST006,PRD029,1,186.49,1,,0.0,0,0,4.0,2.0,4.0,4.0,4.5,2.5166114784235822,5.625,3.5431019500674044,convenience,1,dairy,186.49,3,1.4892129418080025,36,9,3,0
2024-11-04,ST006,PRD029,5,932.45,1,,0.0,0,0,1.0,4.0,8.0,2.0,3.75,3.095695936834451,5.25,3.8821937833432005,convenience,1,dairy,186.49,3,1.4892129418080025,45,11,4,0
2024-11-18,ST006,PRD029,7,1305.43,1,,0.0,0,0,5.0,1.0,2.0,11.0,3.0,1.8257418583505522,5.625,3.6620642110310277,convenience,1,dairy,186.49,3,1.4892129418080025,47,11,4,0
